id,timestamp,temperature,pressure,altitude,accel_x,accel_y,accel_z,gyro_x,gyro_y,gyro_z,temperature_status,pressure_status,imu_status
41,2026-09-29T15:50:57.209644,24.43,1014.39,-9.5,0.166,0.095,9.783,-0.027,0.05,-0.01,NORMAL,NORMAL,NORMAL
42,2026-09-29T15:50:58.211350,24.42,1014.57,-11.0,0.265,0.116,9.813,-0.03,0.062,0.005,NORMAL,NORMAL,NORMAL
43,2026-09-29T15:50:59.212679,24.56,1014.09,-6.97,0.271,0.082,9.816,-0.017,0.052,0.021,NORMAL,NORMAL,NORMAL
44,2026-09-29T15:51:00.215795,24.49,1014.08,-6.87,0.352,0.0,9.798,0.003,0.038,0.009,NORMAL,NORMAL,NORMAL
45,2026-09-29T15:51:01.218823,24.37,1013.67,-3.49,0.446,0.056,9.743,0.021,0.028,0.028,NORMAL,NORMAL,NORMAL
46,2026-09-29T15:51:02.221889,24.33,1013.5,-2.08,0.368,0.001,9.715,0.025,0.036,0.042,NORMAL,NORMAL,NORMAL
47,2026-09-29T15:51:03.225433,24.27,1013.39,-1.19,0.385,-0.068,9.785,0.016,0.017,0.062,NORMAL,NORMAL,NORMAL
48,2026-09-29T15:51:04.227229,24.12,1013.1,1.26,0.477,-0.019,9.88,0.001,0.003,0.071,NORMAL,NORMAL,NORMAL
49,2026-09-29T15:51:05.230840,24.09,1013.51,-2.2,0.576,0.04,9.94,-0.006,0.019,0.083,NORMAL,NORMAL,NORMAL
50,2026-09-29T15:51:06.233499,23.82,1013.45,-1.68,0.601,-0.045,9.849,-0.022,0.035,0.081,NORMAL,NORMAL,NORMAL
51,2026-09-29T15:51:07.235816,23.79,1013.03,1.82,0.514,-0.083,9.753,-0.024,0.047,0.066,NORMAL,NORMAL,NORMAL
52,2026-09-29T15:51:08.237705,23.53,1013.22,0.26,0.557,0.017,9.7,-0.008,0.059,0.079,NORMAL,NORMAL,NORMAL
53,2026-09-29T15:51:09.239645,23.66,1013.55,-2.51,0.502,-0.043,9.626,0.002,0.076,0.066,NORMAL,NORMAL,NORMAL
54,2026-09-29T15:51:10.241787,23.42,1013.74,-4.08,0.432,0.027,9.561,0.018,0.057,0.053,NORMAL,NORMAL,NORMAL
55,2026-09-29T15:51:11.243266,23.31,1013.37,-0.99,0.336,0.054,9.612,0.023,0.051,0.068,NORMAL,NORMAL,NORMAL
56,2026-09-29T15:51:12.245734,23.23,1013.1,1.24,20.0,20.0,20.0,0.006,0.052,0.069,NORMAL,NORMAL,CRITICAL
57,2026-09-29T15:51:13.247489,23.34,1013.1,1.27,20.0,20.0,20.0,0.001,0.05,0.085,NORMAL,NORMAL,CRITICAL
58,2026-09-29T15:51:14.250344,23.31,1013.27,-0.18,20.0,20.0,20.0,-0.003,0.039,0.092,NORMAL,NORMAL,CRITICAL
59,2026-09-29T15:51:15.251486,23.38,1013.12,1.06,20.0,20.0,20.0,0.002,0.04,0.098,NORMAL,NORMAL,CRITICAL
60,2026-09-29T15:51:16.254318,23.56,1012.66,4.93,20.0,20.0,20.0,-0.013,0.038,0.101,NORMAL,NORMAL,CRITICAL
61,2026-09-29T15:51:17.288219,23.46,1012.8,3.78,0.321,0.111,9.966,-0.02,0.051,0.113,NORMAL,NORMAL,NORMAL
62,2026-09-29T15:51:18.333736,23.55,1012.63,5.15,0.377,0.175,10.016,-0.03,0.046,0.118,NORMAL,NORMAL,NORMAL
63,2026-09-29T15:51:19.335431,23.54,1012.38,7.27,0.435,0.143,10.044,-0.021,0.036,0.108,NORMAL,NORMAL,NORMAL
64,2026-09-29T15:51:20.337508,23.24,1012.08,9.74,0.387,0.157,9.965,-0.017,0.048,0.118,NORMAL,NORMAL,NORMAL
65,2026-09-29T15:51:21.338866,23.0,1012.51,6.13,0.441,0.248,9.936,-0.033,0.044,0.126,NORMAL,NORMAL,NORMAL
66,2026-09-29T15:51:22.350929,23.28,1012.72,4.45,0.471,0.186,9.867,-0.051,0.044,0.127,NORMAL,NORMAL,NORMAL
67,2026-09-29T15:51:23.353764,23.26,1012.52,6.07,0.521,0.157,9.833,-0.045,0.048,0.139,NORMAL,NORMAL,NORMAL
68,2026-09-29T15:51:24.356392,23.17,1012.82,3.56,0.531,0.127,9.752,-0.041,0.067,0.143,NORMAL,NORMAL,NORMAL
69,2026-09-29T15:51:25.359017,23.25,1012.53,5.96,0.503,0.113,9.703,-0.025,0.073,0.124,NORMAL,NORMAL,NORMAL
70,2026-09-29T15:51:26.362413,22.96,1012.23,8.51,0.564,0.131,9.763,-0.033,0.067,0.139,NORMAL,NORMAL,NORMAL
71,2026-09-29T15:51:27.364299,22.89,1012.14,9.22,0.545,0.092,9.782,-0.038,0.078,0.152,NORMAL,NORMAL,NORMAL
72,2026-09-29T15:51:28.366248,23.07,1012.29,8.03,0.586,0.041,9.798,-0.024,0.093,0.164,NORMAL,NORMAL,NORMAL
73,2026-09-29T15:51:29.368470,23.04,1012.69,4.69,0.672,0.027,9.717,-0.022,0.106,0.156,NORMAL,NORMAL,NORMAL
74,2026-09-29T15:51:30.377222,23.21,1012.69,4.65,0.769,-0.058,9.81,-0.012,0.107,0.174,NORMAL,NORMAL,NORMAL
75,2026-09-29T15:51:31.379341,22.93,1012.59,5.54,0.794,0.003,9.793,-0.01,0.105,0.165,NORMAL,NORMAL,NORMAL
76,2026-09-29T15:51:32.382380,23.13,1012.78,3.94,0.89,-0.094,9.862,0.0,0.103,0.18,NORMAL,NORMAL,NORMAL
77,2026-09-29T15:51:33.384918,23.29,1012.67,4.82,0.856,-0.143,9.952,0.019,0.09,0.166,NORMAL,NORMAL,NORMAL
78,2026-09-29T15:51:34.386086,23.04,1012.28,8.06,0.926,-0.149,9.901,0.018,0.076,0.182,NORMAL,NORMAL,NORMAL
79,2026-09-29T15:51:35.388532,22.86,1012.17,9.02,0.952,-0.193,9.829,0.028,0.088,0.162,NORMAL,NORMAL,NORMAL
80,2026-09-29T15:51:36.391913,22.68,1012.52,6.11,1.048,-0.193,9.736,0.009,0.095,0.173,NORMAL,NORMAL,NORMAL
81,2026-09-29T15:51:37.394360,22.73,1013.01,2.0,1.145,-0.121,9.681,0.0,0.089,0.182,NORMAL,NORMAL,NORMAL
82,2026-09-29T15:51:38.396379,22.43,1013.3,-0.38,1.189,-0.045,9.714,0.019,0.084,0.185,NORMAL,NORMAL,NORMAL
83,2026-09-29T15:51:39.397711,22.54,1012.95,2.47,1.104,0.013,9.736,0.018,0.067,0.167,NORMAL,NORMAL,NORMAL
84,2026-09-29T15:51:40.399249,22.42,1012.45,6.63,1.081,-0.014,9.703,0.029,0.051,0.181,NORMAL,NORMAL,NORMAL
85,2026-09-29T15:51:41.401940,22.46,1012.13,9.33,1.012,-0.056,9.671,0.048,0.058,0.186,NORMAL,NORMAL,NORMAL
86,2026-09-29T15:51:42.405266,22.44,1012.17,9.02,1.064,-0.017,9.59,0.051,0.047,0.198,NORMAL,NORMAL,NORMAL
87,2026-09-29T15:51:43.406939,22.49,1012.1,9.6,1.12,-0.076,9.616,0.062,0.052,0.189,NORMAL,NORMAL,NORMAL
88,2026-09-29T15:51:44.408906,22.46,1012.33,7.67,1.035,-0.109,9.589,0.063,0.034,0.196,NORMAL,NORMAL,NORMAL
89,2026-09-29T15:51:45.411816,22.68,1011.93,10.97,1.042,-0.043,9.62,0.062,0.016,0.201,NORMAL,NORMAL,NORMAL
90,2026-09-29T15:51:46.415103,22.61,1012.26,8.24,0.951,0.01,9.527,0.045,0.028,0.218,NORMAL,NORMAL,NORMAL
91,2026-09-29T15:51:47.418677,22.89,1012.48,6.38,0.886,-0.014,9.624,0.065,0.01,0.216,NORMAL,NORMAL,NORMAL
92,2026-09-29T15:51:48.421595,22.61,1012.55,5.79,0.975,0.057,9.575,0.061,-0.007,0.218,NORMAL,NORMAL,NORMAL
93,2026-09-29T15:51:49.423213,22.42,1012.22,8.59,0.975,0.119,9.484,0.075,-0.009,0.202,NORMAL,NORMAL,NORMAL
94,2026-09-29T15:51:50.424833,22.29,1012.33,7.68,0.93,0.13,9.553,0.084,-0.012,0.201,NORMAL,NORMAL,NORMAL
95,2026-09-29T15:51:51.425929,22.46,1012.03,10.17,0.867,0.122,9.487,0.089,-0.014,0.19,NORMAL,NORMAL,NORMAL
96,2026-09-29T15:51:52.427867,22.38,1011.64,13.45,0.882,0.035,9.481,0.072,-0.012,0.178,NORMAL,NORMAL,NORMAL
97,2026-09-29T15:51:53.429488,22.37,1011.91,11.2,0.969,-0.024,9.444,0.091,-0.002,0.173,NORMAL,NORMAL,NORMAL
98,2026-09-29T15:51:54.430918,22.48,1011.78,12.22,1.021,0.021,9.472,0.087,0.003,0.159,NORMAL,NORMAL,NORMAL
99,2026-09-29T15:51:55.431922,22.59,1011.58,13.93,1.04,0.065,9.547,0.098,-0.012,0.173,NORMAL,NORMAL,NORMAL
100,2026-09-29T15:51:56.433892,22.78,1200.0,15.66,0.95,-0.03,9.63,0.079,-0.018,0.166,NORMAL,CRITICAL,NORMAL
101,2026-09-29T15:51:57.435291,22.48,1200.0,15.56,0.943,-0.094,9.664,0.065,-0.037,0.156,NORMAL,CRITICAL,NORMAL
102,2026-09-29T15:51:58.437285,22.73,1200.0,18.54,0.923,-0.092,9.656,0.052,-0.023,0.156,NORMAL,CRITICAL,NORMAL
103,2026-09-29T15:51:59.439245,22.96,1200.0,14.5,0.948,-0.102,9.742,0.036,-0.016,0.163,NORMAL,CRITICAL,NORMAL
104,2026-09-29T15:52:00.441042,22.76,1200.0,13.2,0.967,-0.043,9.787,0.032,-0.034,0.16,NORMAL,CRITICAL,NORMAL
105,2026-09-29T15:52:01.443999,22.99,1012.04,10.07,1.004,0.031,9.799,0.046,-0.05,0.155,NORMAL,NORMAL,NORMAL
106,2026-09-29T15:52:02.446371,22.71,1012.3,7.94,1.068,-0.051,9.893,0.062,-0.064,0.17,NORMAL,NORMAL,NORMAL
107,2026-09-29T15:52:03.449456,22.99,1011.97,10.64,1.08,0.023,9.973,0.079,-0.06,0.177,NORMAL,NORMAL,NORMAL
108,2026-09-29T15:52:04.452445,23.03,1012.09,9.63,1.019,0.115,9.999,0.07,-0.061,0.188,NORMAL,NORMAL,NORMAL
109,2026-09-29T15:52:05.455142,23.11,1011.96,10.74,0.942,0.022,10.059,0.088,-0.047,0.185,NORMAL,NORMAL,NORMAL
110,2026-09-29T15:52:06.458339,22.93,1012.2,8.74,0.976,-0.052,10.14,0.085,-0.038,0.169,NORMAL,NORMAL,NORMAL
111,2026-09-29T15:52:07.460297,23.19,1011.85,11.69,0.979,-0.001,10.164,0.096,-0.036,0.166,NORMAL,NORMAL,NORMAL
112,2026-09-29T15:52:08.462457,23.25,1011.51,14.53,0.961,0.077,10.073,0.086,-0.016,0.175,NORMAL,NORMAL,NORMAL
113,2026-09-29T15:52:09.465654,23.04,1011.49,14.7,0.917,0.05,9.984,0.094,0.002,0.161,NORMAL,NORMAL,NORMAL
114,2026-09-29T15:52:10.467391,23.0,1011.19,17.2,0.922,0.104,10.062,0.099,-0.005,0.158,NORMAL,NORMAL,NORMAL
115,2026-09-29T15:52:11.470657,23.27,1011.34,15.88,0.859,0.165,10.119,0.094,-0.015,0.164,NORMAL,NORMAL,NORMAL
116,2026-09-29T15:52:12.473573,23.2,1011.37,15.63,0.956,0.142,10.055,0.11,-0.035,0.152,NORMAL,NORMAL,NORMAL
117,2026-09-29T15:52:13.475161,23.4,1011.33,15.99,0.9,0.179,10.085,0.122,-0.035,0.168,NORMAL,NORMAL,NORMAL
118,2026-09-29T15:52:14.477980,23.43,1011.09,17.99,0.906,0.164,10.055,0.117,-0.022,0.155,NORMAL,NORMAL,NORMAL
119,2026-09-29T15:52:15.480754,23.45,1011.17,17.36,0.83,0.238,10.086,0.122,-0.034,0.158,NORMAL,NORMAL,NORMAL
120,2026-09-29T15:52:16.482278,23.73,1011.28,16.44,0.885,0.19,10.107,0.108,-0.02,0.15,NORMAL,NORMAL,NORMAL
121,2026-09-29T15:52:17.484382,23.59,1010.82,20.22,0.808,0.188,10.032,0.098,-0.001,0.143,NORMAL,NORMAL,NORMAL
122,2026-09-29T15:52:18.487350,23.66,1011.01,18.68,0.852,0.105,9.975,0.098,-0.007,0.132,NORMAL,NORMAL,NORMAL
123,2026-09-29T15:52:19.490049,23.84,1011.33,16.03,0.934,0.045,10.055,0.099,-0.026,0.128,NORMAL,NORMAL,NORMAL
124,2026-09-29T15:52:20.492230,23.69,1011.34,15.92,0.887,0.086,10.014,0.115,-0.007,0.13,NORMAL,NORMAL,NORMAL
125,2026-09-29T15:52:21.494454,23.88,1011.17,17.35,0.825,0.168,10.09,0.128,0.006,0.127,NORMAL,NORMAL,NORMAL
126,2026-09-29T15:52:22.496713,23.63,1011.46,14.88,0.894,0.092,10.139,0.14,0.006,0.14,NORMAL,NORMAL,NORMAL
127,2026-09-29T15:52:23.500108,23.84,1011.58,13.89,0.906,0.104,10.17,0.128,0.018,0.123,NORMAL,NORMAL,NORMAL
128,2026-09-29T15:52:24.501918,23.85,1011.88,11.4,0.916,0.182,10.214,0.131,0.019,0.125,NORMAL,NORMAL,NORMAL
129,2026-09-29T15:52:25.503715,23.66,1012.35,7.51,0.903,0.172,10.185,0.137,0.002,0.115,NORMAL,NORMAL,NORMAL
130,2026-09-29T15:52:26.505520,23.9,1012.38,7.27,0.839,0.146,10.273,0.131,0.021,0.13,NORMAL,NORMAL,NORMAL
131,2026-09-29T15:52:27.510085,23.89,1012.06,9.94,0.921,0.086,10.222,0.138,0.039,0.118,NORMAL,NORMAL,NORMAL
132,2026-09-29T15:52:28.512047,23.7,1011.83,11.84,0.829,0.039,10.309,0.141,0.02,0.11,NORMAL,NORMAL,NORMAL
133,2026-09-29T15:52:29.514097,23.95,1011.75,12.48,0.778,-0.011,10.322,0.156,0.02,0.115,NORMAL,NORMAL,NORMAL
134,2026-09-29T15:52:30.515754,23.69,1011.79,12.19,0.771,-0.041,10.253,0.139,0.004,0.13,NORMAL,NORMAL,NORMAL
135,2026-09-29T15:52:31.518072,23.7,1011.84,11.78,0.846,0.022,10.209,0.143,0.01,0.122,NORMAL,NORMAL,NORMAL
136,2026-09-29T15:52:32.521314,23.85,1011.92,11.07,0.892,0.024,10.242,0.149,0.008,0.128,NORMAL,NORMAL,NORMAL
137,2026-09-29T15:52:33.523442,23.58,1011.99,10.52,0.938,0.014,10.312,0.162,-0.01,0.143,NORMAL,NORMAL,NORMAL
138,2026-09-29T15:52:34.526482,23.83,1011.74,12.55,0.887,-0.056,10.335,0.15,-0.008,0.139,NORMAL,NORMAL,NORMAL
139,2026-09-29T15:52:35.529358,23.6,1011.65,13.31,0.822,-0.02,10.387,0.146,-0.02,0.128,NORMAL,NORMAL,NORMAL
140,2026-09-29T15:52:36.531148,23.79,1011.33,16.03,0.751,-0.09,10.382,0.147,-0.007,0.122,NORMAL,NORMAL,NORMAL
141,2026-09-29T15:52:37.533052,23.51,1200.0,15.57,0.715,-0.049,10.424,0.153,-0.006,0.105,NORMAL,CRITICAL,NORMAL
142,2026-09-29T15:52:38.534674,23.47,1200.0,17.44,0.675,0.028,10.41,0.161,-0.013,0.119,NORMAL,CRITICAL,NORMAL
143,2026-09-29T15:52:39.535922,23.46,1200.0,14.51,0.579,0.037,10.483,0.154,0.005,0.127,NORMAL,CRITICAL,NORMAL
144,2026-09-29T15:52:40.537550,23.21,1200.0,16.33,0.594,0.029,10.559,0.158,0.01,0.114,NORMAL,CRITICAL,NORMAL
145,2026-09-29T15:52:41.538827,22.99,1200.0,17.43,0.624,0.085,10.563,0.156,0.002,0.104,NORMAL,CRITICAL,NORMAL
146,2026-09-29T15:52:42.540884,22.99,1011.24,16.75,0.535,0.107,10.554,0.163,0.015,0.094,NORMAL,NORMAL,NORMAL
147,2026-09-29T15:52:43.544953,23.07,1011.16,17.44,0.438,0.059,10.646,0.172,0.018,0.075,NORMAL,NORMAL,NORMAL
148,2026-09-29T15:52:44.546143,22.81,1010.89,19.67,0.517,0.157,10.668,0.167,0.034,0.087,NORMAL,NORMAL,NORMAL
149,2026-09-29T15:52:45.547576,23.07,1010.57,22.31,0.511,0.242,10.616,0.169,0.04,0.102,NORMAL,NORMAL,NORMAL
150,2026-09-29T15:52:46.548541,23.21,1010.58,22.23,0.552,0.209,10.59,0.181,0.051,0.096,NORMAL,NORMAL,NORMAL
151,2026-09-29T15:52:47.549558,23.13,1010.45,23.34,0.632,0.142,10.616,0.194,0.06,0.098,NORMAL,NORMAL,NORMAL
152,2026-09-29T15:52:48.551054,23.26,1010.47,23.17,0.687,0.206,10.588,0.205,0.075,0.112,NORMAL,NORMAL,NORMAL
153,2026-09-29T15:52:49.552904,23.27,1010.18,25.6,0.737,0.189,10.541,0.197,0.084,0.097,NORMAL,NORMAL,NORMAL
154,2026-09-29T15:52:50.554606,23.22,1009.81,28.71,0.793,0.121,10.464,0.217,0.091,0.086,NORMAL,NORMAL,NORMAL
155,2026-09-29T15:52:51.557641,23.3,1009.69,29.65,0.798,0.124,10.423,0.203,0.084,0.087,NORMAL,NORMAL,NORMAL
156,2026-09-29T15:52:52.560649,23.59,1009.68,29.74,0.767,0.201,10.396,0.203,0.085,0.082,NORMAL,NORMAL,NORMAL
157,2026-09-29T15:52:53.562661,23.35,1009.32,32.75,0.706,0.243,10.468,0.193,0.083,0.072,NORMAL,NORMAL,NORMAL
158,2026-09-29T15:52:54.565708,23.35,1009.22,33.6,0.715,0.229,10.564,0.212,0.09,0.085,NORMAL,NORMAL,NORMAL
159,2026-09-29T15:52:55.567470,23.54,1008.9,36.25,0.692,0.194,10.634,0.219,0.098,0.066,NORMAL,NORMAL,NORMAL
160,2026-09-29T15:52:56.568961,23.37,1008.71,37.89,0.615,0.193,10.547,0.232,0.114,0.061,NORMAL,NORMAL,NORMAL
161,2026-09-29T15:52:57.570945,23.24,1009.08,34.75,0.575,0.112,10.45,0.251,0.119,0.057,NORMAL,NORMAL,NORMAL
162,2026-09-29T15:52:58.572817,23.32,1009.07,34.89,0.494,0.208,10.372,0.25,0.134,0.06,NORMAL,NORMAL,NORMAL
163,2026-09-29T15:52:59.575550,23.43,1008.84,36.78,0.438,0.256,10.47,0.238,0.138,0.042,NORMAL,NORMAL,NORMAL
164,2026-09-29T15:53:00.576799,23.49,1009.32,32.8,0.484,0.291,10.532,0.254,0.146,0.024,NORMAL,NORMAL,NORMAL
165,2026-09-29T15:53:01.578230,23.32,1009.42,31.92,0.486,0.345,10.46,0.273,0.163,0.044,NORMAL,NORMAL,NORMAL
166,2026-09-29T15:53:02.580800,23.37,1009.57,30.66,0.531,0.33,10.491,0.286,0.177,0.034,NORMAL,NORMAL,NORMAL
167,2026-09-29T15:53:03.582316,23.1,1009.15,34.2,0.446,0.369,10.461,0.295,0.192,0.046,NORMAL,NORMAL,NORMAL
168,2026-09-29T15:53:04.584499,23.31,1009.26,33.25,0.496,0.45,10.382,0.278,0.202,0.038,NORMAL,NORMAL,NORMAL
169,2026-09-29T15:53:05.586638,23.01,1009.18,33.97,20.0,20.0,20.0,0.297,0.192,0.03,NORMAL,NORMAL,CRITICAL
170,2026-09-29T15:53:06.588372,22.94,1008.78,37.28,20.0,20.0,20.0,0.296,0.175,0.042,NORMAL,NORMAL,CRITICAL
171,2026-09-29T15:53:07.590773,23.02,1009.23,33.5,20.0,20.0,20.0,0.288,0.167,0.028,NORMAL,NORMAL,CRITICAL
172,2026-09-29T15:53:08.592783,22.79,1009.06,34.95,20.0,20.0,20.0,0.27,0.15,0.018,NORMAL,NORMAL,CRITICAL
173,2026-09-29T15:53:09.596982,22.57,1009.55,30.85,20.0,20.0,20.0,0.277,0.162,0.029,NORMAL,NORMAL,CRITICAL
174,2026-09-29T15:53:10.598955,22.44,1009.6,30.47,0.674,0.372,10.416,0.288,0.174,0.046,NORMAL,NORMAL,NORMAL
175,2026-09-29T15:53:11.600760,22.54,1009.21,33.65,0.693,0.398,10.326,0.307,0.179,0.049,NORMAL,NORMAL,NORMAL
176,2026-09-29T15:53:12.602998,22.51,1009.27,33.15,0.771,0.467,10.241,0.326,0.18,0.058,NORMAL,NORMAL,NORMAL
177,2026-09-29T15:53:13.604550,22.62,1009.77,29.05,0.729,0.509,10.16,0.336,0.185,0.075,NORMAL,NORMAL,NORMAL
178,2026-09-29T15:53:14.606599,22.86,1009.35,32.48,0.717,0.49,10.123,0.347,0.187,0.091,NORMAL,NORMAL,NORMAL
179,2026-09-29T15:53:15.609079,22.68,1008.95,35.87,0.677,0.52,10.044,0.342,0.169,0.093,NORMAL,NORMAL,NORMAL
180,2026-09-29T15:53:16.610167,22.87,1009.18,33.97,0.777,0.567,10.1,0.35,0.169,0.085,NORMAL,NORMAL,NORMAL
181,2026-09-29T15:53:17.612324,22.66,1009.39,32.23,0.839,0.478,10.128,0.364,0.164,0.102,NORMAL,NORMAL,NORMAL
182,2026-09-29T15:53:18.613428,22.74,1009.13,34.36,0.855,0.551,10.216,0.371,0.177,0.112,NORMAL,NORMAL,NORMAL
183,2026-09-29T15:53:19.615177,22.95,1009.1,34.59,0.76,0.483,10.314,0.37,0.161,0.131,NORMAL,NORMAL,NORMAL
184,2026-09-29T15:53:20.617302,23.24,1008.98,35.64,0.704,0.47,10.282,0.369,0.146,0.146,NORMAL,NORMAL,NORMAL
185,2026-09-29T15:53:21.618930,23.07,1008.78,37.27,0.608,0.437,10.29,0.355,0.15,0.149,NORMAL,NORMAL,NORMAL
186,2026-09-29T15:53:22.621752,23.01,1009.19,33.89,0.685,0.36,10.328,0.346,0.13,0.166,NORMAL,NORMAL,NORMAL
187,2026-09-29T15:53:23.624323,22.9,1009.04,35.09,0.697,0.457,10.309,0.347,0.13,0.164,NORMAL,NORMAL,NORMAL
188,2026-09-29T15:53:24.628372,23.08,1008.66,38.28,0.738,0.429,10.236,0.342,0.113,0.176,NORMAL,NORMAL,NORMAL
189,2026-09-29T15:53:25.631872,23.06,1008.66,38.25,0.795,0.36,10.212,0.333,0.101,0.188,NORMAL,NORMAL,NORMAL
190,2026-09-29T15:53:26.634412,22.98,1008.71,37.85,0.706,0.384,10.231,0.325,0.084,0.186,NORMAL,NORMAL,NORMAL
191,2026-09-29T15:53:27.636307,22.9,1009.21,33.73,0.754,0.392,10.206,0.314,0.094,0.168,NORMAL,NORMAL,NORMAL
192,2026-09-29T15:53:28.639565,23.19,1008.96,35.78,0.752,0.492,10.235,0.297,0.087,0.161,NORMAL,NORMAL,NORMAL
193,2026-09-29T15:53:29.644729,23.08,1009.1,34.59,0.724,0.503,10.285,0.293,0.07,0.148,NORMAL,NORMAL,NORMAL
194,2026-09-29T15:53:30.646075,22.84,1008.91,36.21,0.635,0.461,10.233,0.288,0.055,0.134,NORMAL,NORMAL,NORMAL
195,2026-09-29T15:53:31.648678,22.95,1008.61,38.67,0.648,0.368,10.239,0.281,0.064,0.116,NORMAL,NORMAL,NORMAL
196,2026-09-29T15:53:32.652298,22.94,1008.3,41.25,0.722,0.363,10.185,0.269,0.08,0.114,NORMAL,NORMAL,NORMAL
197,2026-09-29T15:53:33.654373,22.76,1008.24,41.8,0.81,0.459,10.1,0.272,0.068,0.125,NORMAL,NORMAL,NORMAL
198,2026-09-29T15:53:34.656266,22.72,1008.12,42.84,0.748,0.384,10.148,0.269,0.049,0.123,NORMAL,NORMAL,NORMAL
199,2026-09-29T15:53:35.657724,22.82,1007.92,44.44,0.775,0.484,10.089,0.254,0.053,0.116,NORMAL,NORMAL,NORMAL
200,2026-09-29T15:53:36.660440,23.08,1008.15,42.54,0.752,0.574,10.123,0.265,0.036,0.097,NORMAL,NORMAL,NORMAL
201,2026-09-29T15:53:37.662010,23.24,1008.3,41.32,0.721,0.671,10.024,0.263,0.037,0.086,NORMAL,NORMAL,NORMAL
202,2026-09-29T15:53:38.663534,23.18,1008.7,37.93,0.665,0.678,10.124,0.28,0.051,0.084,NORMAL,NORMAL,NORMAL
203,2026-09-29T15:53:39.664952,22.89,1009.07,34.83,0.579,0.669,10.189,0.289,0.057,0.1,NORMAL,NORMAL,NORMAL
204,2026-09-29T15:53:40.667379,22.81,1008.67,38.18,0.641,0.715,10.284,0.3,0.062,0.086,NORMAL,NORMAL,NORMAL
205,2026-09-29T15:53:41.670029,22.93,1008.75,37.54,0.727,0.635,10.336,0.286,0.043,0.074,NORMAL,NORMAL,NORMAL
206,2026-09-29T15:53:42.672083,22.9,1009.01,35.34,0.69,0.578,10.316,0.295,0.023,0.056,NORMAL,NORMAL,NORMAL
207,2026-09-29T15:53:43.674908,23.1,1008.97,35.67,0.667,0.495,10.348,0.275,0.027,0.064,NORMAL,NORMAL,NORMAL
208,2026-09-29T15:53:44.677026,23.35,1008.96,35.79,0.705,0.489,10.392,0.273,0.018,0.073,NORMAL,NORMAL,NORMAL
209,2026-09-29T15:53:45.680138,23.61,1008.89,36.39,0.767,0.491,10.401,0.259,0.037,0.055,NORMAL,NORMAL,NORMAL
210,2026-09-29T15:53:46.682589,23.37,1009.36,32.42,0.863,0.419,10.407,0.256,0.032,0.058,NORMAL,NORMAL,NORMAL
211,2026-09-29T15:53:47.685105,23.26,1009.0,35.44,0.952,0.326,10.364,0.237,0.03,0.043,NORMAL,NORMAL,NORMAL
212,2026-09-29T15:53:48.688004,23.07,1008.97,35.68,1.031,0.349,10.312,0.244,0.039,0.056,NORMAL,NORMAL,NORMAL
213,2026-09-29T15:53:49.690643,23.3,1009.12,34.41,1.026,0.393,10.228,0.256,0.053,0.069,NORMAL,NORMAL,NORMAL
214,2026-09-29T15:53:50.694085,23.59,1009.27,33.19,,,,,,,NORMAL,NORMAL,SENSOR_FAILURE
215,2026-09-29T15:53:51.695892,23.63,1008.99,35.49,,,,,,,NORMAL,NORMAL,SENSOR_FAILURE
216,2026-09-29T15:53:52.697061,23.34,1008.71,37.86,,,,,,,NORMAL,NORMAL,SENSOR_FAILURE
217,2026-09-29T15:53:53.698888,23.52,1008.3,41.25,,,,,,,NORMAL,NORMAL,SENSOR_FAILURE
218,2026-09-29T15:53:54.700356,23.31,1008.67,38.21,,,,,,,NORMAL,NORMAL,SENSOR_FAILURE
219,2026-09-29T15:53:55.701452,23.16,1008.43,40.23,0.908,0.468,10.131,0.232,0.085,0.117,NORMAL,NORMAL,NORMAL
220,2026-09-29T15:53:56.702632,23.42,1008.93,36.05,0.947,0.393,10.039,0.234,0.097,0.129,NORMAL,NORMAL,NORMAL
221,2026-09-29T15:53:57.703961,23.46,1008.87,36.57,0.99,0.485,10.031,0.218,0.117,0.112,NORMAL,NORMAL,NORMAL
222,2026-09-29T15:53:58.706679,23.59,1009.1,34.65,0.898,0.403,9.981,0.215,0.121,0.126,NORMAL,NORMAL,NORMAL
223,2026-09-29T15:53:59.708937,23.67,1009.18,33.94,0.99,0.375,10.039,0.2,0.139,0.127,NORMAL,NORMAL,NORMAL
224,2026-09-29T15:54:00.710306,23.57,1008.7,37.92,0.9,0.434,10.012,0.184,0.133,0.111,NORMAL,NORMAL,NORMAL
225,2026-09-29T15:54:01.712595,23.49,1009.04,35.13,0.933,0.463,10.001,0.175,0.152,0.116,NORMAL,NORMAL,NORMAL
226,2026-09-29T15:54:02.714985,23.63,1008.7,37.94,1.027,0.459,9.923,0.188,0.16,0.127,NORMAL,NORMAL,NORMAL
227,2026-09-29T15:54:03.716505,23.61,1008.97,35.69,1.006,0.452,9.932,0.187,0.147,0.139,NORMAL,NORMAL,NORMAL
228,2026-09-29T15:54:04.718123,23.65,1008.95,35.87,0.99,0.472,9.972,0.193,0.138,0.158,NORMAL,NORMAL,NORMAL
229,2026-09-29T15:54:05.720423,23.65,1008.63,38.53,1.006,0.523,9.906,0.176,0.126,0.171,NORMAL,NORMAL,NORMAL
230,2026-09-29T15:54:06.722697,23.71,1008.92,36.15,1.103,0.564,9.891,0.185,0.135,0.164,NORMAL,NORMAL,NORMAL
231,2026-09-29T15:54:07.724145,23.96,1008.51,39.58,1.051,0.61,9.958,0.168,0.121,0.167,NORMAL,NORMAL,NORMAL
232,2026-09-29T15:54:08.726317,24.11,1008.64,38.46,1.083,0.605,9.934,0.185,0.106,0.181,NORMAL,NORMAL,NORMAL
233,2026-09-29T15:54:09.727735,23.97,1008.91,36.16,1.062,0.561,9.924,0.17,0.09,0.194,NORMAL,NORMAL,NORMAL
234,2026-09-29T15:54:10.729271,23.95,1008.69,38.02,1.132,0.623,9.836,0.189,0.1,0.196,NORMAL,NORMAL,NORMAL
235,2026-09-29T15:54:11.731011,23.82,1008.21,42.02,1.165,0.626,9.772,0.173,0.103,0.188,NORMAL,NORMAL,NORMAL
236,2026-09-29T15:54:12.732821,23.71,1008.38,40.64,1.102,0.579,9.786,0.169,0.104,0.183,NORMAL,NORMAL,NORMAL
237,2026-09-29T15:54:13.735178,23.84,1008.38,40.6,1.02,0.577,9.841,0.153,0.088,0.186,NORMAL,NORMAL,NORMAL
238,2026-09-29T15:54:14.737617,23.67,1008.57,39.04,0.948,0.552,9.88,0.136,0.105,0.169,NORMAL,NORMAL,NORMAL
239,2026-09-29T15:54:15.739442,23.49,1008.74,37.62,0.97,0.499,9.886,0.127,0.115,0.17,NORMAL,NORMAL,NORMAL
240,2026-09-29T15:54:16.741209,23.52,1008.32,41.15,0.943,0.45,9.982,0.141,0.126,0.153,NORMAL,NORMAL,NORMAL
241,2026-09-29T15:54:17.744272,23.58,1007.91,44.59,0.872,0.44,9.954,0.149,0.111,0.162,NORMAL,NORMAL,NORMAL
242,2026-09-29T15:54:18.747217,23.63,1007.55,47.58,,,,,,,NORMAL,NORMAL,SENSOR_FAILURE
243,2026-09-29T15:54:19.749270,23.45,1007.81,45.41,,,,,,,NORMAL,NORMAL,SENSOR_FAILURE
244,2026-09-29T15:54:20.750850,23.27,1007.77,45.76,,,,,,,NORMAL,NORMAL,SENSOR_FAILURE
245,2026-09-29T15:54:21.752844,23.25,1007.53,47.7,,,,,,,NORMAL,NORMAL,SENSOR_FAILURE
246,2026-09-29T15:54:22.755956,23.26,1007.52,47.81,,,,,,,NORMAL,NORMAL,SENSOR_FAILURE
247,2026-09-29T15:54:23.759317,23.22,1007.44,48.52,0.997,0.454,9.891,0.117,0.068,0.204,NORMAL,NORMAL,NORMAL
248,2026-09-29T15:54:24.762108,22.95,1007.38,49.02,1.069,0.411,9.799,0.108,0.075,0.202,NORMAL,NORMAL,NORMAL
249,2026-09-29T15:54:25.763930,23.01,1007.48,48.17,1.158,0.496,9.806,0.11,0.087,0.184,NORMAL,NORMAL,NORMAL
250,2026-09-29T15:54:26.765433,23.15,1007.15,50.93,1.232,0.503,9.811,0.096,0.082,0.178,NORMAL,NORMAL,NORMAL
251,2026-09-29T15:54:27.766539,23.25,1007.42,48.66,1.171,0.596,9.854,0.08,0.086,0.186,NORMAL,NORMAL,NORMAL
252,2026-09-29T15:54:28.769602,22.99,1007.89,44.72,1.076,0.532,9.835,0.065,0.072,0.206,NORMAL,NORMAL,NORMAL
253,2026-09-29T15:54:29.771630,23.17,1008.04,43.46,1.094,0.515,9.788,0.05,0.087,0.21,NORMAL,NORMAL,NORMAL
254,2026-09-29T15:54:30.774974,23.29,1007.72,46.18,1.152,0.423,9.821,0.05,0.106,0.206,NORMAL,NORMAL,NORMAL
255,2026-09-29T15:54:31.777327,23.12,1008.17,42.35,1.061,0.411,9.758,0.068,0.091,0.208,NORMAL,NORMAL,NORMAL
256,2026-09-29T15:54:32.779015,23.37,1007.78,45.67,1.082,0.351,9.85,0.057,0.097,0.214,NORMAL,NORMAL,NORMAL
257,2026-09-29T15:54:33.781202,23.18,1007.72,46.12,1.038,0.29,9.789,0.039,0.089,0.213,NORMAL,NORMAL,NORMAL
258,2026-09-29T15:54:34.783903,23.06,1007.54,47.61,0.969,0.252,9.886,0.028,0.093,0.231,NORMAL,NORMAL,NORMAL
259,2026-09-29T15:54:35.786760,23.13,1007.85,45.04,1.005,0.234,9.82,0.037,0.101,0.236,NORMAL,NORMAL,NORMAL
260,2026-09-29T15:54:36.789180,23.38,1007.79,45.56,1.096,0.325,9.841,0.028,0.094,0.237,NORMAL,NORMAL,NORMAL
261,2026-09-29T15:54:37.792004,23.66,1007.51,47.86,1.02,0.421,9.902,0.045,0.084,0.229,NORMAL,NORMAL,NORMAL
262,2026-09-29T15:54:38.794176,23.63,1007.04,51.85,1.083,0.346,9.867,0.031,0.086,0.236,NORMAL,NORMAL,NORMAL
263,2026-09-29T15:54:39.797300,23.83,1006.86,53.37,0.998,0.385,9.909,0.014,0.099,0.221,NORMAL,NORMAL,NORMAL
264,2026-09-29T15:54:40.799930,23.87,1006.72,54.54,0.955,0.35,9.941,0.01,0.111,0.213,NORMAL,NORMAL,NORMAL
265,2026-09-29T15:54:41.801509,24.05,1006.45,56.77,1.049,0.366,9.855,0.024,0.127,0.224,NORMAL,NORMAL,NORMAL
266,2026-09-29T15:54:42.803144,24.26,1005.97,60.83,0.987,0.44,9.946,0.028,0.145,0.209,NORMAL,NORMAL,NORMAL
267,2026-09-29T15:54:43.805836,24.54,1005.97,60.79,1.059,0.486,9.866,0.046,0.161,0.223,NORMAL,NORMAL,NORMAL
268,2026-09-29T15:54:44.808782,24.84,1006.03,60.32,0.963,0.454,9.768,0.056,0.149,0.232,NORMAL,NORMAL,NORMAL
269,2026-09-29T15:54:45.810420,24.79,1005.72,62.86,1.038,0.452,9.824,0.046,0.164,0.232,NORMAL,NORMAL,NORMAL
270,2026-09-29T15:54:46.813617,24.77,1005.92,61.19,1.079,0.437,9.816,0.036,0.158,0.245,NORMAL,NORMAL,NORMAL
271,2026-09-29T15:54:47.815549,24.97,1005.56,64.22,1.154,0.399,9.781,0.023,0.168,0.257,NORMAL,NORMAL,NORMAL
272,2026-09-29T15:54:48.817998,24.78,1005.44,65.23,1.105,0.365,9.742,0.018,0.154,0.273,NORMAL,NORMAL,NORMAL
273,2026-09-29T15:54:49.820960,24.66,1005.1,68.04,1.157,0.311,9.72,0.028,0.162,0.263,NORMAL,NORMAL,NORMAL
274,2026-09-29T15:54:50.823867,24.47,1004.61,72.14,1.083,0.24,9.789,0.035,0.142,0.253,NORMAL,NORMAL,NORMAL
275,2026-09-29T15:54:51.828020,24.26,,,1.088,0.146,9.819,0.051,0.147,0.259,NORMAL,SENSOR_FAILURE,NORMAL
276,2026-09-29T15:54:52.829560,24.08,,,1.031,0.216,9.872,0.046,0.156,0.252,NORMAL,SENSOR_FAILURE,NORMAL
277,2026-09-29T15:54:53.830507,23.85,,,1.128,0.292,9.918,0.041,0.159,0.24,NORMAL,SENSOR_FAILURE,NORMAL
278,2026-09-29T15:54:54.833340,23.92,,,1.07,0.288,9.849,0.025,0.167,0.231,NORMAL,SENSOR_FAILURE,NORMAL
279,2026-09-29T15:54:55.834978,23.85,,,1.141,0.29,9.843,0.043,0.178,0.241,NORMAL,SENSOR_FAILURE,NORMAL
280,2026-09-29T15:54:56.837765,23.55,1004.35,74.33,1.228,0.308,9.753,0.052,0.193,0.232,NORMAL,NORMAL,NORMAL
281,2026-09-29T15:54:57.839107,23.76,1004.71,71.38,1.249,0.342,9.748,0.038,0.2,0.242,NORMAL,NORMAL,NORMAL
282,2026-09-29T15:54:58.841016,23.97,1004.85,70.13,1.204,0.334,9.771,0.058,0.217,0.234,NORMAL,NORMAL,NORMAL
283,2026-09-29T15:54:59.842635,23.89,1004.66,71.75,1.224,0.243,9.697,0.04,0.199,0.235,NORMAL,NORMAL,NORMAL
284,2026-09-29T15:55:00.844846,23.93,1004.71,71.32,1.217,0.241,9.761,0.054,0.217,0.218,NORMAL,NORMAL,NORMAL
285,2026-09-29T15:55:01.846082,23.65,1004.88,69.9,1.247,0.239,9.693,0.058,0.227,0.209,NORMAL,NORMAL,NORMAL
286,2026-09-29T15:55:02.847784,23.67,1005.11,68.03,1.233,0.204,9.767,0.058,0.224,0.213,NORMAL,NORMAL,NORMAL
287,2026-09-29T15:55:03.849944,23.84,1005.12,67.91,1.202,0.199,9.825,0.039,0.206,0.212,NORMAL,NORMAL,NORMAL
288,2026-09-29T15:55:04.852102,24.05,1005.22,67.09,1.3,0.204,9.852,0.059,0.212,0.216,NORMAL,NORMAL,NORMAL
289,2026-09-29T15:55:05.855072,24.21,1005.1,68.05,1.292,0.187,9.917,0.068,0.207,0.208,NORMAL,NORMAL,NORMAL
290,2026-09-29T15:55:06.857780,24.38,1005.09,68.16,1.308,0.151,9.95,0.074,0.199,0.194,NORMAL,NORMAL,NORMAL
291,2026-09-29T15:55:07.859512,24.3,1004.81,70.48,1.298,0.212,9.875,0.057,0.185,0.181,NORMAL,NORMAL,NORMAL
292,2026-09-29T15:55:08.862295,24.14,1004.99,69.0,1.322,0.216,9.896,0.049,0.202,0.182,NORMAL,NORMAL,NORMAL
293,2026-09-29T15:55:09.863695,24.03,1004.78,70.8,1.354,0.139,9.936,0.05,0.192,0.18,NORMAL,NORMAL,NORMAL
294,2026-09-29T15:55:10.865140,24.12,1005.17,67.51,1.39,0.136,9.909,0.068,0.184,0.162,NORMAL,NORMAL,NORMAL
295,2026-09-29T15:55:11.866841,24.22,1005.65,63.5,1.415,0.155,9.857,0.077,0.179,0.16,NORMAL,NORMAL,NORMAL
296,2026-09-29T15:55:12.869345,24.0,1005.47,64.95,1.427,0.232,9.817,0.093,0.185,0.145,NORMAL,NORMAL,NORMAL
297,2026-09-29T15:55:13.871782,23.77,1005.12,67.92,1.47,0.215,9.802,0.09,0.174,0.126,NORMAL,NORMAL,NORMAL
298,2026-09-29T15:55:14.874680,23.63,1005.47,65.0,1.548,0.232,9.737,0.075,0.172,0.134,NORMAL,NORMAL,NORMAL
299,2026-09-29T15:55:15.876154,23.81,1004.98,69.11,1.57,0.245,9.805,0.063,0.158,0.153,NORMAL,NORMAL,NORMAL
300,2026-09-29T15:55:16.879431,23.65,1004.5,73.11,1.525,0.285,9.783,0.078,0.14,0.155,NORMAL,NORMAL,NORMAL
301,2026-09-29T15:55:17.880853,23.78,1004.97,69.16,1.542,0.324,9.849,0.062,0.124,0.173,NORMAL,NORMAL,NORMAL
302,2026-09-29T15:55:18.883360,23.7,1005.4,65.57,1.546,0.363,9.802,0.063,0.139,0.168,NORMAL,NORMAL,NORMAL
303,2026-09-29T15:55:19.886594,23.81,1005.39,65.62,1.571,0.453,9.779,0.044,0.132,0.161,NORMAL,NORMAL,NORMAL
304,2026-09-29T15:55:20.889396,24.03,1005.74,62.75,1.475,0.545,9.782,0.042,0.124,0.173,NORMAL,NORMAL,NORMAL
305,2026-09-29T15:55:21.891681,23.91,1006.06,60.06,1.422,0.534,9.78,0.062,0.131,0.186,NORMAL,NORMAL,NORMAL
306,2026-09-29T15:55:22.894860,24.02,1006.23,58.63,1.374,0.543,9.855,0.069,0.114,0.199,NORMAL,NORMAL,NORMAL
307,2026-09-29T15:55:23.897339,24.01,1006.15,59.27,20.0,20.0,20.0,0.063,0.134,0.196,NORMAL,NORMAL,CRITICAL
308,2026-09-29T15:55:24.899125,24.29,1006.01,60.48,20.0,20.0,20.0,0.058,0.124,0.203,NORMAL,NORMAL,CRITICAL
309,2026-09-29T15:55:25.901233,24.4,1006.3,58.06,20.0,20.0,20.0,0.067,0.116,0.185,NORMAL,NORMAL,CRITICAL
310,2026-09-29T15:55:26.902956,24.58,1006.35,57.62,20.0,20.0,20.0,0.073,0.115,0.181,NORMAL,NORMAL,CRITICAL
311,2026-09-29T15:55:27.904533,24.41,1006.21,58.8,20.0,20.0,20.0,0.06,0.113,0.173,NORMAL,NORMAL,CRITICAL
312,2026-09-29T15:55:28.906787,24.22,1006.59,55.59,1.15,0.741,9.677,0.067,0.104,0.184,NORMAL,NORMAL,NORMAL
313,2026-09-29T15:55:29.909200,24.14,1006.99,52.27,1.213,0.809,9.777,0.083,0.121,0.176,NORMAL,NORMAL,NORMAL
314,2026-09-29T15:55:30.914636,24.39,1007.37,49.04,1.244,0.742,9.842,0.075,0.115,0.174,NORMAL,NORMAL,NORMAL
315,2026-09-29T15:55:31.916866,24.61,1007.54,47.66,1.312,0.678,9.81,0.063,0.133,0.164,NORMAL,NORMAL,NORMAL
316,2026-09-29T15:55:32.920043,24.77,1007.59,47.27,1.319,0.578,9.845,0.069,0.153,0.149,NORMAL,NORMAL,NORMAL
317,2026-09-29T15:55:33.922086,24.55,1007.1,51.34,1.311,0.577,9.905,0.053,0.168,0.139,NORMAL,NORMAL,NORMAL
318,2026-09-29T15:55:34.925579,24.8,1006.93,52.75,1.397,0.621,9.909,0.051,0.162,0.156,NORMAL,NORMAL,NORMAL
319,2026-09-29T15:55:35.929160,24.96,1007.37,49.04,1.376,0.717,9.911,0.044,0.176,0.171,NORMAL,NORMAL,NORMAL
320,2026-09-29T15:55:36.932438,24.81,1006.94,52.69,1.41,0.68,9.851,0.026,0.195,0.172,NORMAL,NORMAL,NORMAL
321,2026-09-29T15:55:37.935971,24.59,1007.27,49.92,1.507,0.757,9.903,0.044,0.18,0.17,NORMAL,NORMAL,NORMAL
322,2026-09-29T15:55:38.940325,24.33,1007.0,52.12,1.511,0.759,9.916,0.034,0.198,0.18,NORMAL,NORMAL,NORMAL
323,2026-09-29T15:55:39.942631,24.09,1006.6,55.47,1.515,0.763,9.973,0.048,0.186,0.192,NORMAL,NORMAL,NORMAL
324,2026-09-29T15:55:40.944930,24.18,1006.51,56.27,1.615,0.799,9.89,0.047,0.197,0.198,NORMAL,NORMAL,NORMAL
325,2026-09-29T15:55:41.946234,23.94,1006.85,53.46,1.66,0.73,9.868,0.047,0.178,0.188,NORMAL,NORMAL,NORMAL
326,2026-09-29T15:55:42.947904,24.17,1006.44,56.86,1.692,0.674,9.883,0.06,0.191,0.207,NORMAL,NORMAL,NORMAL
327,2026-09-29T15:55:43.949535,24.46,1006.88,53.15,1.715,0.648,9.911,0.05,0.195,0.188,NORMAL,NORMAL,NORMAL
328,2026-09-29T15:55:44.951332,24.58,1006.9,52.99,1.692,0.605,9.864,0.06,0.205,0.179,NORMAL,NORMAL,NORMAL
329,2026-09-29T15:55:45.954023,24.83,1006.8,53.87,1.627,0.702,9.851,0.043,0.216,0.172,NORMAL,NORMAL,NORMAL
330,2026-09-29T15:55:46.955954,24.55,1007.02,52.0,1.581,0.624,9.761,0.04,0.21,0.165,NORMAL,NORMAL,NORMAL
331,2026-09-29T15:55:47.956803,24.63,1007.39,48.91,1.57,0.557,9.784,0.033,0.221,0.168,NORMAL,NORMAL,NORMAL
332,2026-09-29T15:55:48.958484,24.84,1007.34,49.33,1.473,0.495,9.762,0.051,0.212,0.175,NORMAL,NORMAL,NORMAL
333,2026-09-29T15:55:49.961128,24.82,1007.73,46.1,1.531,0.581,9.709,0.062,0.208,0.191,NORMAL,NORMAL,NORMAL
334,2026-09-29T15:55:50.963203,24.82,1008.16,42.48,1.488,0.504,9.675,0.071,0.221,0.194,NORMAL,NORMAL,NORMAL
335,2026-09-29T15:55:51.966350,24.52,1008.39,40.52,1.523,0.598,9.74,0.053,0.215,0.21,NORMAL,NORMAL,NORMAL
336,2026-09-29T15:55:52.967901,24.54,1008.26,41.62,1.442,0.632,9.729,0.035,0.232,0.196,NORMAL,NORMAL,NORMAL
337,2026-09-29T15:55:53.968975,24.6,1008.32,41.13,1.523,0.6,9.711,0.03,0.214,0.187,NORMAL,NORMAL,NORMAL
338,2026-09-29T15:55:54.970693,24.71,1007.88,44.79,1.539,0.681,9.664,0.045,0.205,0.175,NORMAL,NORMAL,NORMAL
339,2026-09-29T15:55:55.972264,24.43,1007.94,44.29,1.451,0.705,9.609,0.051,0.221,0.159,NORMAL,NORMAL,NORMAL
340,2026-09-29T15:55:56.973741,24.3,1008.37,40.74,1.395,0.771,9.708,0.046,0.241,0.159,NORMAL,NORMAL,NORMAL
341,2026-09-29T15:55:57.975509,24.41,1008.56,39.13,1.434,0.688,9.698,0.033,0.236,0.175,NORMAL,NORMAL,NORMAL
342,2026-09-29T15:55:58.977158,24.54,1008.27,41.57,1.42,0.727,9.658,0.02,0.255,0.161,NORMAL,NORMAL,NORMAL
343,2026-09-29T15:55:59.983668,24.72,,,20.0,20.0,20.0,0.001,0.266,0.151,NORMAL,SENSOR_FAILURE,CRITICAL
344,2026-09-29T15:56:00.985096,24.84,,,20.0,20.0,20.0,0.003,0.276,0.151,NORMAL,SENSOR_FAILURE,CRITICAL
345,2026-09-29T15:56:01.986784,24.6,,,20.0,20.0,20.0,0.021,0.271,0.136,NORMAL,SENSOR_FAILURE,CRITICAL
346,2026-09-29T15:56:02.988595,24.55,,,20.0,20.0,20.0,0.04,0.284,0.149,NORMAL,SENSOR_FAILURE,CRITICAL
347,2026-09-29T15:56:03.989953,24.39,,,20.0,20.0,20.0,0.05,0.273,0.135,NORMAL,SENSOR_FAILURE,CRITICAL
348,2026-09-29T15:56:04.991228,24.11,1008.58,38.98,1.668,0.884,9.832,0.051,0.286,0.13,NORMAL,NORMAL,NORMAL
349,2026-09-29T15:56:05.998248,24.24,1008.29,41.39,1.572,0.882,9.778,0.048,0.303,0.143,NORMAL,NORMAL,NORMAL
350,2026-09-29T15:56:07.000937,23.99,1008.13,42.69,1.529,0.845,9.742,0.038,0.31,0.144,NORMAL,NORMAL,NORMAL
351,2026-09-29T15:56:08.003407,24.11,1008.39,40.56,1.44,0.785,9.827,0.037,0.306,0.142,NORMAL,NORMAL,NORMAL
352,2026-09-29T15:56:09.004758,23.87,1008.85,36.72,1.427,0.741,9.787,0.042,0.326,0.13,NORMAL,NORMAL,NORMAL
353,2026-09-29T15:56:10.006850,23.63,1008.98,35.63,1.41,0.8,9.779,0.031,0.343,0.13,NORMAL,NORMAL,NORMAL
354,2026-09-29T15:56:11.008397,23.83,1009.39,32.15,1.393,0.764,9.837,0.018,0.336,0.121,NORMAL,NORMAL,NORMAL
355,2026-09-29T15:56:12.011584,23.61,1008.99,35.54,1.398,0.73,9.816,0.03,0.333,0.13,NORMAL,NORMAL,NORMAL
356,2026-09-29T15:56:13.013660,23.85,1009.46,31.57,1.486,0.789,9.802,0.047,0.337,0.113,NORMAL,NORMAL,NORMAL
357,2026-09-29T15:56:14.016999,24.03,1009.5,31.24,1.529,0.723,9.849,0.037,0.351,0.096,NORMAL,NORMAL,NORMAL
358,2026-09-29T15:56:15.018566,23.98,1009.32,32.77,1.583,0.675,9.77,0.043,0.356,0.116,NORMAL,NORMAL,NORMAL
359,2026-09-29T15:56:16.021024,24.04,1009.06,34.92,1.585,0.659,9.77,0.029,0.353,0.105,NORMAL,NORMAL,NORMAL
360,2026-09-29T15:56:17.022644,24.03,1009.27,33.16,1.533,0.737,9.866,0.016,0.338,0.122,NORMAL,NORMAL,NORMAL
361,2026-09-29T15:56:18.025787,23.84,1009.31,32.89,1.516,0.68,9.775,0.028,0.335,0.137,NORMAL,NORMAL,NORMAL
362,2026-09-29T15:56:19.027825,23.78,1009.67,29.84,1.417,0.713,9.709,0.047,0.326,0.134,NORMAL,NORMAL,NORMAL
363,2026-09-29T15:56:20.030806,24.05,1009.8,28.77,1.464,0.753,9.706,0.064,0.334,0.137,NORMAL,NORMAL,NORMAL
364,2026-09-29T15:56:21.032317,24.16,1009.58,30.59,1.405,0.848,9.783,0.079,0.339,0.132,NORMAL,NORMAL,NORMAL
365,2026-09-29T15:56:22.035004,24.37,1009.4,32.1,1.32,0.827,9.685,0.098,0.326,0.129,NORMAL,NORMAL,NORMAL
366,2026-09-29T15:56:23.036816,24.28,1009.09,34.65,1.313,0.892,9.762,0.081,0.315,0.12,NORMAL,NORMAL,NORMAL
367,2026-09-29T15:56:24.038533,24.3,1009.22,33.63,1.356,0.981,9.845,0.073,0.32,0.132,NORMAL,NORMAL,NORMAL
368,2026-09-29T15:56:25.041442,24.24,1009.7,29.61,1.442,0.944,9.849,0.088,0.314,0.152,NORMAL,NORMAL,NORMAL
369,2026-09-29T15:56:26.044225,24.05,1009.35,32.5,1.515,1.04,9.781,0.084,0.322,0.158,NORMAL,NORMAL,NORMAL
370,2026-09-29T15:56:27.046508,24.26,1009.53,31.0,1.547,1.013,9.752,0.07,0.311,0.141,NORMAL,NORMAL,NORMAL
371,2026-09-29T15:56:28.049529,24.35,1009.11,34.56,1.627,1.087,9.734,0.078,0.298,0.131,NORMAL,NORMAL,NORMAL
372,2026-09-29T15:56:29.051530,24.11,1008.9,36.27,1.581,1.118,9.815,0.061,0.286,0.129,NORMAL,NORMAL,NORMAL
373,2026-09-29T15:56:30.054124,,1009.38,32.24,1.483,1.131,9.726,0.048,0.271,0.12,SENSOR_FAILURE,NORMAL,NORMAL
374,2026-09-29T15:56:31.055663,,1009.22,33.58,1.392,1.193,9.676,0.042,0.285,0.118,SENSOR_FAILURE,NORMAL,NORMAL
375,2026-09-29T15:56:32.058852,,1009.44,31.79,1.421,1.163,9.722,0.049,0.276,0.104,SENSOR_FAILURE,NORMAL,NORMAL
376,2026-09-29T15:56:33.061082,,1009.1,34.63,1.427,1.209,9.632,0.06,0.279,0.088,SENSOR_FAILURE,NORMAL,NORMAL
377,2026-09-29T15:56:34.064249,,1009.47,31.52,1.383,1.228,9.59,0.053,0.273,0.088,SENSOR_FAILURE,NORMAL,NORMAL
378,2026-09-29T15:56:35.066497,23.92,1009.11,34.53,1.458,1.179,9.519,0.041,0.275,0.105,NORMAL,NORMAL,NORMAL
379,2026-09-29T15:56:36.068852,23.69,1009.41,32.01,1.508,1.212,9.447,0.028,0.269,0.109,NORMAL,NORMAL,NORMAL
380,2026-09-29T15:56:37.071784,23.92,1009.03,35.19,1.428,1.212,9.408,0.024,0.275,0.121,NORMAL,NORMAL,NORMAL
381,2026-09-29T15:56:38.074920,23.79,1008.85,36.73,1.517,1.12,9.431,0.041,0.264,0.114,NORMAL,NORMAL,NORMAL
382,2026-09-29T15:56:39.076985,23.66,1008.52,39.42,1.612,1.176,9.367,0.056,0.28,0.119,NORMAL,NORMAL,NORMAL
383,2026-09-29T15:56:40.079837,23.69,1008.21,42.03,1.563,1.133,9.298,0.039,0.288,0.117,NORMAL,NORMAL,NORMAL
384,2026-09-29T15:56:41.081750,23.73,1007.78,45.63,1.503,1.111,9.234,0.019,0.284,0.135,NORMAL,NORMAL,NORMAL
385,2026-09-29T15:56:42.084115,23.65,1007.4,48.86,1.576,1.209,9.32,0.033,0.282,0.134,NORMAL,NORMAL,NORMAL
386,2026-09-29T15:56:43.085838,23.79,1007.24,50.13,1.508,1.286,9.328,0.041,0.28,0.14,NORMAL,NORMAL,NORMAL
387,2026-09-29T15:56:44.087465,23.88,1006.84,53.53,1.535,1.367,9.425,0.041,0.289,0.135,NORMAL,NORMAL,NORMAL
388,2026-09-29T15:56:45.089883,24.15,1006.92,52.8,1.45,1.455,9.379,0.022,0.307,0.143,NORMAL,NORMAL,NORMAL
389,2026-09-29T15:56:46.091015,23.95,1006.56,55.84,1.492,1.386,9.412,0.008,0.292,0.132,NORMAL,NORMAL,NORMAL
390,2026-09-29T15:56:47.093329,23.8,1006.45,56.79,1.393,1.333,9.412,0.003,0.294,0.132,NORMAL,NORMAL,NORMAL
391,2026-09-29T15:56:48.095653,23.69,1006.88,53.21,1.386,1.299,9.355,-0.015,0.279,0.145,NORMAL,NORMAL,NORMAL
392,2026-09-29T15:56:49.097319,23.86,1007.07,51.61,1.454,1.278,9.261,-0.007,0.292,0.141,NORMAL,NORMAL,NORMAL
393,2026-09-29T15:56:50.099284,23.68,1006.73,54.46,1.486,1.375,9.227,0.003,0.295,0.134,NORMAL,NORMAL,NORMAL
394,2026-09-29T15:56:51.102069,23.4,1006.54,56.03,1.417,1.452,9.207,0.015,0.313,0.122,NORMAL,NORMAL,NORMAL
395,2026-09-29T15:56:52.103745,23.18,1006.38,57.37,1.394,1.486,9.108,0.004,0.333,0.132,NORMAL,NORMAL,NORMAL
396,2026-09-29T15:56:53.105616,23.46,1005.92,61.25,1.295,1.551,9.14,-0.012,0.339,0.121,NORMAL,NORMAL,NORMAL
397,2026-09-29T15:56:54.107787,23.21,1006.18,59.0,1.254,1.492,9.086,-0.003,0.345,0.117,NORMAL,NORMAL,NORMAL
398,2026-09-29T15:56:55.109790,23.42,1006.44,56.88,1.342,1.426,9.048,-0.001,0.36,0.135,NORMAL,NORMAL,NORMAL
399,2026-09-29T15:56:56.113197,23.56,1005.95,60.98,1.29,1.467,8.979,-0.001,0.379,0.147,NORMAL,NORMAL,NORMAL
400,2026-09-29T15:56:57.115035,23.45,1006.25,58.42,1.259,1.557,8.994,0.004,0.371,0.129,NORMAL,NORMAL,NORMAL
401,2026-09-29T15:56:58.118883,23.58,1200.0,56.84,1.346,1.631,9.041,0.0,0.367,0.149,NORMAL,CRITICAL,NORMAL
402,2026-09-29T15:56:59.120850,23.62,1200.0,54.33,1.289,1.583,9.062,0.009,0.368,0.164,NORMAL,CRITICAL,NORMAL
403,2026-09-29T15:57:00.122505,23.88,1200.0,54.7,1.242,1.663,9.043,-0.006,0.351,0.149,NORMAL,CRITICAL,NORMAL
404,2026-09-29T15:57:01.124162,23.74,1200.0,51.83,1.284,1.732,9.091,-0.013,0.35,0.143,NORMAL,CRITICAL,NORMAL
405,2026-09-29T15:57:02.125749,23.56,1200.0,54.24,1.185,1.66,9.181,0.005,0.353,0.146,NORMAL,CRITICAL,NORMAL
406,2026-09-29T15:57:03.127934,23.7,1006.7,54.7,1.267,1.696,9.102,-0.012,0.34,0.15,NORMAL,NORMAL,NORMAL
407,2026-09-29T15:57:04.129913,23.45,1006.6,55.47,1.196,1.632,9.041,-0.026,0.32,0.151,NORMAL,NORMAL,NORMAL
408,2026-09-29T15:57:05.131690,23.23,1006.41,57.09,1.255,1.62,9.13,-0.022,0.33,0.144,NORMAL,NORMAL,NORMAL
409,2026-09-29T15:57:06.133945,23.05,1006.74,54.37,1.28,1.641,9.104,-0.007,0.334,0.163,NORMAL,NORMAL,NORMAL
410,2026-09-29T15:57:07.136748,23.16,1007.19,50.6,1.245,1.576,9.097,0.0,0.316,0.15,NORMAL,NORMAL,NORMAL
411,2026-09-29T15:57:08.138269,23.12,1006.94,52.65,1.195,1.595,9.13,0.007,0.329,0.145,NORMAL,NORMAL,NORMAL
412,2026-09-29T15:57:09.139502,23.38,1007.06,51.66,1.105,1.639,9.145,-0.011,0.346,0.164,NORMAL,NORMAL,NORMAL
413,2026-09-29T15:57:10.141178,23.32,1007.36,49.12,1.198,1.596,9.194,-0.024,0.333,0.159,NORMAL,NORMAL,NORMAL
414,2026-09-29T15:57:11.143969,23.19,1007.84,45.16,1.142,1.532,9.267,-0.013,0.337,0.147,NORMAL,NORMAL,NORMAL
415,2026-09-29T15:57:12.146695,23.42,1008.06,43.3,1.169,1.467,9.313,-0.008,0.341,0.134,NORMAL,NORMAL,NORMAL
416,2026-09-29T15:57:13.148482,23.2,1008.01,43.7,1.087,1.473,9.387,-0.022,0.334,0.144,NORMAL,NORMAL,NORMAL
417,2026-09-29T15:57:14.150220,23.13,1007.94,44.33,0.99,1.451,9.444,-0.042,0.351,0.134,NORMAL,NORMAL,NORMAL
418,2026-09-29T15:57:15.152463,23.13,1007.53,47.72,1.044,1.352,9.416,-0.027,0.364,0.131,NORMAL,NORMAL,NORMAL
419,2026-09-29T15:57:16.154590,22.84,1007.92,44.47,0.997,1.356,9.503,-0.038,0.362,0.127,NORMAL,NORMAL,NORMAL
420,2026-09-29T15:57:17.156903,22.91,1007.63,46.88,0.912,1.259,9.496,-0.029,0.37,0.128,NORMAL,NORMAL,NORMAL
421,2026-09-29T15:57:18.158202,23.18,1007.43,48.55,0.822,1.236,9.557,-0.044,0.38,0.131,NORMAL,NORMAL,NORMAL
422,2026-09-29T15:57:19.160157,23.37,1007.89,44.74,0.733,1.26,9.571,-0.035,0.399,0.151,NORMAL,NORMAL,NORMAL
423,2026-09-29T15:57:20.165482,23.44,1007.96,44.16,0.647,1.301,9.578,-0.019,0.385,0.131,NORMAL,NORMAL,NORMAL
424,2026-09-29T15:57:21.168025,23.16,1008.01,43.74,0.558,1.262,9.562,-0.008,0.39,0.111,NORMAL,NORMAL,NORMAL
425,2026-09-29T15:57:22.170234,22.95,1007.61,47.03,0.632,1.321,9.591,-0.009,0.372,0.121,NORMAL,NORMAL,NORMAL
426,2026-09-29T15:57:23.173203,23.15,1007.8,45.5,0.658,1.247,9.688,0.006,0.356,0.114,NORMAL,NORMAL,NORMAL
427,2026-09-29T15:57:24.176522,22.88,1007.32,49.46,0.635,1.191,9.605,0.02,0.363,0.098,NORMAL,NORMAL,NORMAL
428,2026-09-29T15:57:25.180092,22.81,1200.0,48.35,0.628,1.29,9.606,0.033,0.352,0.095,NORMAL,CRITICAL,NORMAL
429,2026-09-29T15:57:26.182564,22.82,1200.0,50.79,0.583,1.306,9.58,0.034,0.343,0.112,NORMAL,CRITICAL,NORMAL
430,2026-09-29T15:57:27.184365,22.61,1200.0,54.28,0.493,1.312,9.485,0.035,0.336,0.13,NORMAL,CRITICAL,NORMAL
431,2026-09-29T15:57:28.187138,22.32,1200.0,55.45,0.584,1.305,9.498,0.046,0.344,0.122,NORMAL,CRITICAL,NORMAL
432,2026-09-29T15:57:29.189898,22.46,1200.0,57.86,0.669,1.225,9.489,0.062,0.357,0.114,NORMAL,CRITICAL,NORMAL
433,2026-09-29T15:57:30.192254,22.26,1006.34,57.66,0.752,1.141,9.424,0.052,0.346,0.129,NORMAL,NORMAL,NORMAL
434,2026-09-29T15:57:31.197044,22.28,1006.0,60.52,0.673,1.092,9.495,0.038,0.364,0.144,NORMAL,NORMAL,NORMAL
435,2026-09-29T15:57:32.198453,22.02,1005.84,61.87,0.626,1.08,9.453,0.041,0.36,0.138,NORMAL,NORMAL,NORMAL
436,2026-09-29T15:57:33.200742,22.14,1005.35,65.97,0.721,1.0,9.356,0.028,0.358,0.135,NORMAL,NORMAL,NORMAL
437,2026-09-29T15:57:34.203450,22.13,1005.05,68.51,0.821,0.956,9.453,0.032,0.361,0.137,NORMAL,NORMAL,NORMAL
438,2026-09-29T15:57:35.205224,21.86,1004.67,71.68,0.821,0.9,9.413,0.05,0.35,0.126,NORMAL,NORMAL,NORMAL
439,2026-09-29T15:57:36.207940,21.92,1004.51,73.01,0.884,0.946,9.32,0.063,0.35,0.114,NORMAL,NORMAL,NORMAL
440,2026-09-29T15:57:37.211053,21.63,1004.37,74.23,0.917,0.98,9.363,0.059,0.359,0.125,NORMAL,NORMAL,NORMAL
441,2026-09-29T15:57:38.215092,21.69,1004.65,71.81,0.873,1.021,9.462,0.045,0.365,0.117,NORMAL,NORMAL,NORMAL
442,2026-09-29T15:57:39.217745,21.72,1004.3,74.82,0.785,1.07,9.482,0.026,0.351,0.112,NORMAL,NORMAL,NORMAL
443,2026-09-29T15:57:40.220555,21.79,1004.72,71.3,0.701,1.006,9.445,0.023,0.363,0.107,NORMAL,NORMAL,NORMAL
444,2026-09-29T15:57:41.223332,21.55,1005.0,68.95,0.699,1.106,9.422,0.034,0.357,0.099,NORMAL,NORMAL,NORMAL
445,2026-09-29T15:57:42.225842,21.44,1005.25,66.81,0.635,1.065,9.517,0.051,0.364,0.094,NORMAL,NORMAL,NORMAL
446,2026-09-29T15:57:43.228194,21.26,1004.76,70.91,0.699,1.053,9.418,0.063,0.372,0.098,NORMAL,NORMAL,NORMAL
447,2026-09-29T15:57:44.230869,21.16,1004.61,72.17,0.748,1.093,9.331,0.05,0.387,0.089,NORMAL,NORMAL,NORMAL
448,2026-09-29T15:57:45.232812,21.43,1004.14,76.09,0.802,1.083,9.251,0.066,0.384,0.108,NORMAL,NORMAL,NORMAL
449,2026-09-29T15:57:46.234515,21.34,1003.74,79.5,0.888,1.147,9.302,0.086,0.369,0.1,NORMAL,NORMAL,NORMAL
450,2026-09-29T15:57:47.236422,21.12,1003.34,82.86,0.791,1.233,9.257,0.099,0.388,0.113,NORMAL,NORMAL,NORMAL
451,2026-09-29T15:57:48.238588,21.24,1003.61,80.61,0.773,1.327,9.337,0.092,0.405,0.102,NORMAL,NORMAL,NORMAL
452,2026-09-29T15:57:49.241538,20.99,1003.28,83.33,0.747,1.23,9.287,0.1,0.398,0.108,NORMAL,NORMAL,NORMAL
453,2026-09-29T15:57:50.242867,20.87,1002.85,86.95,0.715,1.221,9.313,0.106,0.401,0.115,NORMAL,NORMAL,NORMAL
454,2026-09-29T15:57:51.244841,21.15,1002.47,90.1,0.648,1.216,9.361,0.115,0.391,0.122,NORMAL,NORMAL,NORMAL
455,2026-09-29T15:57:52.248080,20.95,1002.46,90.24,0.636,1.217,9.28,0.13,0.38,0.115,NORMAL,NORMAL,NORMAL
456,2026-09-29T15:57:53.249894,20.86,1002.13,92.97,0.733,1.142,9.207,0.113,0.384,0.12,NORMAL,NORMAL,NORMAL
457,2026-09-29T15:57:55.076621,21.07,,,0.767,1.117,9.168,0.119,0.389,0.126,NORMAL,SENSOR_FAILURE,NORMAL
458,2026-09-29T15:57:56.923419,21.29,,,0.685,1.156,9.07,0.102,0.374,0.129,NORMAL,SENSOR_FAILURE,NORMAL
459,2026-09-29T15:57:58.644003,21.17,,,0.767,1.122,9.041,0.101,0.361,0.135,NORMAL,SENSOR_FAILURE,NORMAL
460,2026-09-29T15:57:59.645302,20.89,,,0.865,1.077,9.067,0.109,0.351,0.155,NORMAL,SENSOR_FAILURE,NORMAL
461,2026-09-29T15:58:00.649399,20.93,1002.45,90.34,0.927,0.98,9.005,0.115,0.348,0.156,NORMAL,NORMAL,NORMAL
462,2026-09-29T15:58:01.659152,20.67,1002.9,86.56,0.915,0.991,8.992,0.13,0.351,0.138,NORMAL,NORMAL,NORMAL
463,2026-09-29T16:04:34.602119,25.79,1013.23,0.19,0.154,-0.347,9.816,-0.012,-0.022,-0.095,NORMAL,NORMAL,NORMAL
464,2026-09-29T16:04:35.602931,26.0,1013.24,0.1,0.224,-0.365,9.841,-0.01,-0.019,-0.076,NORMAL,NORMAL,NORMAL
465,2026-09-29T16:04:36.604342,25.85,1013.31,-0.46,0.254,-0.348,9.928,-0.016,-0.032,-0.075,NORMAL,NORMAL,NORMAL
466,2026-09-29T16:04:37.605485,25.75,1013.51,-2.15,0.193,-0.276,9.83,-0.003,-0.041,-0.087,NORMAL,NORMAL,NORMAL
467,2026-09-29T16:04:38.606374,25.46,1013.96,-5.91,0.202,-0.281,9.749,0.001,-0.058,-0.079,NORMAL,NORMAL,NORMAL
468,2026-09-29T16:04:39.607590,25.28,1013.49,-1.97,0.266,-0.197,9.669,-0.017,-0.052,-0.069,NORMAL,NORMAL,NORMAL
469,2026-09-29T16:04:40.608846,25.33,1013.73,-4.01,0.298,-0.124,9.68,-0.016,-0.067,-0.055,NORMAL,NORMAL,NORMAL
470,2026-09-29T16:04:41.612299,25.53,1013.4,-1.26,0.31,-0.03,9.703,-0.012,-0.052,-0.047,NORMAL,NORMAL,NORMAL
471,2026-09-29T16:04:42.615029,25.51,1013.59,-2.82,0.386,-0.019,9.793,-0.032,-0.04,-0.035,NORMAL,NORMAL,NORMAL
472,2026-09-29T16:04:43.616300,25.4,1013.67,-3.53,0.312,0.011,9.734,-0.036,-0.038,-0.051,NORMAL,NORMAL,NORMAL
473,2026-09-29T16:04:44.617915,25.22,1013.44,-1.58,0.318,-0.016,9.806,-0.04,-0.051,-0.042,NORMAL,NORMAL,NORMAL
474,2026-09-29T16:04:45.620129,25.49,1013.62,-3.12,0.236,-0.011,9.748,-0.05,-0.048,-0.042,NORMAL,NORMAL,NORMAL
475,2026-09-29T16:04:46.623183,70.0,1013.42,-1.44,0.217,-0.058,9.812,-0.054,-0.041,-0.051,CRITICAL,NORMAL,NORMAL
476,2026-09-29T16:04:47.625131,70.0,1012.94,2.59,0.23,0.009,9.827,-0.038,-0.045,-0.058,CRITICAL,NORMAL,NORMAL
477,2026-09-29T16:04:48.627826,70.0,1012.54,5.95,0.268,-0.058,9.772,-0.041,-0.061,-0.075,CRITICAL,NORMAL,NORMAL
478,2026-09-29T16:04:49.629688,70.0,1012.05,10.02,0.321,-0.149,9.729,-0.034,-0.072,-0.094,CRITICAL,NORMAL,NORMAL
479,2026-09-29T16:04:50.631283,70.0,1012.42,6.93,0.299,-0.197,9.661,-0.027,-0.075,-0.089,CRITICAL,NORMAL,NORMAL
480,2026-09-29T16:04:51.633684,25.8,1012.86,3.27,0.338,-0.278,9.604,-0.019,-0.08,-0.091,NORMAL,NORMAL,NORMAL
481,2026-09-29T16:04:52.636261,26.0,1012.45,6.69,0.301,-0.291,9.507,-0.018,-0.083,-0.08,NORMAL,NORMAL,NORMAL
482,2026-09-29T16:04:53.638989,25.88,1012.71,4.48,0.363,-0.214,9.429,-0.008,-0.076,-0.065,NORMAL,NORMAL,NORMAL
483,2026-09-29T16:04:54.642234,25.89,1012.95,2.47,0.369,-0.254,9.504,-0.007,-0.094,-0.049,NORMAL,NORMAL,NORMAL
484,2026-09-29T16:04:55.643965,26.13,1013.39,-1.13,0.463,-0.257,9.494,-0.005,-0.113,-0.039,NORMAL,NORMAL,NORMAL
485,2026-09-29T16:04:56.646712,26.22,1013.05,1.71,0.373,-0.162,9.589,0.007,-0.13,-0.035,NORMAL,NORMAL,NORMAL
486,2026-09-29T16:04:57.648512,26.24,1013.16,0.77,0.446,-0.181,9.646,0.017,-0.15,-0.038,NORMAL,NORMAL,NORMAL
487,2026-09-29T16:04:58.651456,26.35,1012.69,4.65,0.402,-0.089,9.577,0.035,-0.164,-0.028,NORMAL,NORMAL,NORMAL
488,2026-09-29T16:04:59.654021,26.11,1012.26,8.2,0.318,-0.179,9.492,0.05,-0.154,-0.042,NORMAL,NORMAL,NORMAL
489,2026-09-29T16:05:00.657128,26.12,1012.71,4.51,0.413,-0.103,9.419,0.043,-0.149,-0.032,NORMAL,NORMAL,NORMAL
490,2026-09-29T16:05:01.660530,26.23,1012.73,4.33,0.472,-0.005,9.446,0.035,-0.155,-0.052,NORMAL,NORMAL,NORMAL
491,2026-09-29T16:05:02.662323,26.04,1012.49,6.37,0.545,0.09,9.447,0.051,-0.159,-0.034,NORMAL,NORMAL,NORMAL
492,2026-09-29T16:05:03.664500,26.18,1012.97,2.31,0.612,0.084,9.545,0.063,-0.179,-0.05,NORMAL,NORMAL,NORMAL
493,2026-09-29T16:05:04.667379,26.37,1013.13,0.98,0.626,0.02,9.532,0.05,-0.171,-0.06,NORMAL,NORMAL,NORMAL
494,2026-09-29T16:05:05.670439,26.22,1012.98,2.26,0.6,-0.05,9.53,0.059,-0.173,-0.055,NORMAL,NORMAL,NORMAL
495,2026-09-29T16:05:06.672650,26.21,1012.53,5.95,0.521,0.024,9.51,0.066,-0.167,-0.042,NORMAL,NORMAL,NORMAL
496,2026-09-29T16:05:07.673911,26.28,1012.56,5.74,0.516,0.098,9.452,0.065,-0.178,-0.052,NORMAL,NORMAL,NORMAL
497,2026-09-29T16:05:08.675381,26.55,1012.48,6.41,0.614,0.021,9.517,0.053,-0.183,-0.044,NORMAL,NORMAL,NORMAL
498,2026-09-29T16:05:09.676270,26.29,1012.4,7.1,0.707,0.111,9.514,0.049,-0.197,-0.036,NORMAL,NORMAL,NORMAL
499,2026-09-29T16:05:10.677574,26.32,1012.33,7.66,0.649,0.147,9.464,0.036,-0.185,-0.027,NORMAL,NORMAL,NORMAL
500,2026-09-29T16:05:11.678670,26.13,1012.14,9.27,0.708,0.203,9.469,0.029,-0.192,-0.009,NORMAL,NORMAL,NORMAL
501,2026-09-29T16:05:12.679975,26.11,1012.44,6.72,0.683,0.134,9.501,0.047,-0.201,-0.01,NORMAL,NORMAL,NORMAL
502,2026-09-29T16:05:13.682624,26.19,1012.65,4.97,0.612,0.04,9.504,0.046,-0.215,-0.018,NORMAL,NORMAL,NORMAL
503,2026-09-29T16:05:14.684353,25.96,1012.74,4.29,0.592,0.031,9.603,0.051,-0.201,-0.018,NORMAL,NORMAL,NORMAL
504,2026-09-29T16:05:15.687163,26.19,1012.59,5.48,0.69,-0.062,9.678,0.061,-0.221,0.001,NORMAL,NORMAL,NORMAL
505,2026-09-29T16:05:16.689529,26.34,1012.84,3.43,0.703,0.025,9.59,0.073,-0.228,-0.004,NORMAL,NORMAL,NORMAL
506,2026-09-29T16:05:17.691873,26.17,1012.45,6.67,0.705,-0.022,9.61,0.063,-0.237,-0.023,NORMAL,NORMAL,NORMAL
507,2026-09-29T16:05:18.695510,,1011.98,10.62,,,,,,,SENSOR_FAILURE,NORMAL,SENSOR_FAILURE
508,2026-09-29T16:05:19.697180,,1012.27,8.19,,,,,,,SENSOR_FAILURE,NORMAL,SENSOR_FAILURE
509,2026-09-29T16:05:20.698654,,1012.53,5.97,,,,,,,SENSOR_FAILURE,NORMAL,SENSOR_FAILURE
510,2026-09-29T16:05:21.700298,,1012.16,9.07,,,,,,,SENSOR_FAILURE,NORMAL,SENSOR_FAILURE
511,2026-09-29T16:05:22.701665,,1012.28,8.11,,,,,,,SENSOR_FAILURE,NORMAL,SENSOR_FAILURE
512,2026-09-29T16:05:23.703674,26.16,1012.77,4.02,0.728,0.056,9.392,0.093,-0.165,-0.001,NORMAL,NORMAL,NORMAL
513,2026-09-29T16:05:24.705184,25.93,1012.73,4.36,0.666,0.12,9.35,0.077,-0.165,-0.016,NORMAL,NORMAL,NORMAL
514,2026-09-29T16:05:25.707182,26.0,1013.18,0.58,0.681,0.027,9.324,0.076,-0.166,-0.025,NORMAL,NORMAL,NORMAL
515,2026-09-29T16:05:26.709972,26.23,1013.14,0.88,0.729,-0.061,9.253,0.062,-0.172,-0.043,NORMAL,NORMAL,NORMAL
516,2026-09-29T16:05:27.711528,26.25,1012.85,3.32,0.657,-0.019,9.279,0.054,-0.175,-0.042,NORMAL,NORMAL,NORMAL
517,2026-09-29T16:05:28.713828,26.12,1012.84,3.43,0.57,-0.057,9.344,0.074,-0.185,-0.052,NORMAL,NORMAL,NORMAL
518,2026-09-29T16:05:29.717206,26.17,1012.42,6.94,0.638,-0.156,9.297,0.063,-0.173,-0.043,NORMAL,NORMAL,NORMAL
519,2026-09-29T16:05:30.719486,25.88,1012.59,5.51,0.696,-0.175,9.221,0.062,-0.191,-0.05,NORMAL,NORMAL,NORMAL
520,2026-09-29T16:05:31.730185,25.83,1012.62,5.22,0.773,-0.207,9.139,0.059,-0.206,-0.05,NORMAL,NORMAL,NORMAL
521,2026-09-29T16:05:32.733601,25.97,1012.13,9.33,0.844,-0.132,9.102,0.051,-0.215,-0.047,NORMAL,NORMAL,NORMAL
522,2026-09-29T16:05:33.737017,25.69,1012.13,9.37,0.819,-0.208,9.184,0.043,-0.226,-0.064,NORMAL,NORMAL,NORMAL
523,2026-09-29T16:05:34.740170,25.77,1012.43,6.84,0.891,-0.237,9.193,0.051,-0.233,-0.061,NORMAL,NORMAL,NORMAL
524,2026-09-29T16:05:35.742672,25.73,1012.89,3.0,0.946,-0.199,9.107,0.039,-0.248,-0.062,NORMAL,NORMAL,NORMAL
525,2026-09-29T16:05:36.745275,25.78,1013.37,-0.96,0.876,-0.196,9.113,0.05,-0.259,-0.068,NORMAL,NORMAL,NORMAL
526,2026-09-29T16:05:37.762202,25.53,1013.23,0.14,0.815,-0.232,9.148,0.068,-0.247,-0.08,NORMAL,NORMAL,NORMAL
527,2026-09-29T16:05:38.844100,25.32,1013.5,-2.11,0.898,-0.226,9.23,0.07,-0.229,-0.072,NORMAL,NORMAL,NORMAL
528,2026-09-29T16:05:39.847226,25.15,1013.1,1.26,0.844,-0.246,9.291,0.073,-0.222,-0.084,NORMAL,NORMAL,NORMAL
529,2026-09-29T16:05:40.850494,25.11,1012.94,2.62,0.757,-0.34,9.384,0.072,-0.24,-0.072,NORMAL,NORMAL,NORMAL
530,2026-09-29T16:05:41.852401,25.29,1013.13,1.0,0.72,-0.251,9.349,0.085,-0.256,-0.068,NORMAL,NORMAL,NORMAL
531,2026-09-29T16:05:42.853630,25.57,1013.56,-2.55,0.676,-0.246,9.275,0.091,-0.266,-0.082,NORMAL,NORMAL,NORMAL
532,2026-09-29T16:05:43.855450,25.29,1013.56,-2.57,0.675,-0.219,9.227,0.082,-0.265,-0.078,NORMAL,NORMAL,NORMAL
533,2026-09-29T16:05:44.857513,25.06,1013.98,-6.05,0.694,-0.252,9.234,0.069,-0.249,-0.088,NORMAL,NORMAL,NORMAL
534,2026-09-29T16:05:45.859439,25.16,1013.63,-3.13,0.77,-0.194,9.186,0.071,-0.243,-0.103,NORMAL,NORMAL,NORMAL
535,2026-09-29T16:05:46.861276,25.28,1014.1,-7.11,0.723,-0.262,9.25,0.084,-0.254,-0.09,NORMAL,NORMAL,NORMAL
536,2026-09-29T16:05:47.863034,25.32,1014.19,-7.85,0.697,-0.215,9.179,0.093,-0.272,-0.087,NORMAL,NORMAL,NORMAL
537,2026-09-29T16:05:48.864512,25.51,1014.17,-7.65,0.708,-0.129,9.275,0.094,-0.27,-0.087,NORMAL,NORMAL,NORMAL
538,2026-09-29T16:05:49.865615,25.36,1014.1,-7.1,0.662,-0.089,9.322,0.093,-0.286,-0.106,NORMAL,NORMAL,NORMAL
539,2026-09-29T16:05:50.867477,25.28,1013.96,-5.87,0.632,-0.178,9.339,0.082,-0.299,-0.093,NORMAL,NORMAL,NORMAL
540,2026-09-29T16:05:51.870674,25.31,1013.5,-2.09,0.539,-0.219,9.322,0.078,-0.286,-0.091,NORMAL,NORMAL,NORMAL
541,2026-09-29T16:05:52.872977,25.04,1013.18,0.56,0.604,-0.173,9.285,0.077,-0.291,-0.101,NORMAL,NORMAL,NORMAL
542,2026-09-29T16:05:53.874223,24.88,1013.35,-0.82,0.694,-0.193,9.208,0.075,-0.278,-0.09,NORMAL,NORMAL,NORMAL
543,2026-09-29T16:05:54.879696,25.05,1013.46,-1.72,0.698,-0.142,9.2,0.087,-0.274,-0.097,NORMAL,NORMAL,NORMAL
544,2026-09-29T16:05:55.880799,25.22,1013.49,-1.96,0.639,-0.239,9.287,0.077,-0.274,-0.107,NORMAL,NORMAL,NORMAL
545,2026-09-29T16:05:56.883096,,1013.54,-2.4,,,,,,,SENSOR_FAILURE,NORMAL,SENSOR_FAILURE
546,2026-09-29T16:05:57.884075,,1013.05,1.68,,,,,,,SENSOR_FAILURE,NORMAL,SENSOR_FAILURE
547,2026-09-29T16:05:58.887342,,1013.05,1.64,,,,,,,SENSOR_FAILURE,NORMAL,SENSOR_FAILURE
548,2026-09-29T16:05:59.890617,,1013.35,-0.82,,,,,,,SENSOR_FAILURE,NORMAL,SENSOR_FAILURE
549,2026-09-29T16:06:00.897297,,1013.78,-4.44,,,,,,,SENSOR_FAILURE,NORMAL,SENSOR_FAILURE
550,2026-09-29T16:06:01.899701,25.08,1014.05,-6.63,0.786,-0.541,9.033,0.079,-0.266,-0.094,NORMAL,NORMAL,NORMAL
551,2026-09-29T16:06:02.900777,24.98,1014.15,-7.53,0.837,-0.576,8.95,0.091,-0.27,-0.081,NORMAL,NORMAL,NORMAL
552,2026-09-29T16:06:03.902465,25.16,1014.12,-7.23,0.826,-0.593,9.008,0.089,-0.253,-0.09,NORMAL,NORMAL,NORMAL
553,2026-09-29T16:06:04.903971,24.89,1014.5,-10.42,0.76,-0.56,8.909,0.078,-0.267,-0.074,NORMAL,NORMAL,NORMAL
554,2026-09-29T16:06:05.905063,25.1,1014.47,-10.13,0.831,-0.619,8.915,0.096,-0.276,-0.055,NORMAL,NORMAL,NORMAL
555,2026-09-29T16:06:06.907546,25.06,1014.88,-13.59,0.867,-0.711,8.916,0.082,-0.262,-0.042,NORMAL,NORMAL,NORMAL
556,2026-09-29T16:06:07.909542,24.76,1015.35,-17.45,0.848,-0.746,8.841,0.084,-0.257,-0.022,NORMAL,NORMAL,NORMAL
557,2026-09-29T16:06:08.911460,24.75,1015.25,-16.65,0.833,-0.733,8.882,0.086,-0.247,-0.029,NORMAL,NORMAL,NORMAL
558,2026-09-29T16:06:09.913717,24.95,1015.27,-16.79,0.843,-0.7,8.843,0.093,-0.249,-0.017,NORMAL,NORMAL,NORMAL
559,2026-09-29T16:06:10.916718,25.12,1014.96,-14.24,0.85,-0.75,8.926,0.111,-0.245,0.002,NORMAL,NORMAL,NORMAL
560,2026-09-29T16:06:11.918581,24.89,1014.78,-12.73,0.834,-0.765,8.965,0.114,-0.244,0.0,NORMAL,NORMAL,NORMAL
561,2026-09-29T16:06:12.920525,24.73,1014.95,-14.14,0.82,-0.794,8.899,0.101,-0.227,0.007,NORMAL,NORMAL,NORMAL
562,2026-09-29T16:06:13.922207,24.59,1014.57,-10.96,0.827,-0.775,8.859,0.083,-0.216,0.019,NORMAL,NORMAL,NORMAL
563,2026-09-29T16:06:14.926801,24.45,1014.85,-13.31,0.748,-0.755,8.859,0.093,-0.228,0.001,NORMAL,NORMAL,NORMAL
564,2026-09-29T16:06:15.929384,24.23,1014.68,-11.87,0.667,-0.85,8.8,0.091,-0.236,0.007,NORMAL,NORMAL,NORMAL
565,2026-09-29T16:06:16.930960,24.09,1014.31,-8.79,0.585,-0.916,8.808,0.099,-0.232,0.01,NORMAL,NORMAL,NORMAL
566,2026-09-29T16:06:17.937383,24.07,1014.38,-9.43,0.639,-0.824,8.769,0.119,-0.238,0.028,NORMAL,NORMAL,NORMAL
567,2026-09-29T16:06:18.940731,24.07,1014.04,-6.62,0.622,-0.917,8.738,0.104,-0.23,0.04,NORMAL,NORMAL,NORMAL
568,2026-09-29T16:06:19.942105,23.83,1013.57,-2.65,0.559,-0.964,8.679,0.096,-0.232,0.047,NORMAL,NORMAL,NORMAL
569,2026-09-29T16:06:20.943338,23.84,1013.62,-3.12,0.515,-0.918,8.617,0.101,-0.215,0.039,NORMAL,NORMAL,NORMAL
570,2026-09-29T16:06:21.946347,23.66,1013.4,-1.21,0.472,-0.904,8.52,0.1,-0.222,0.051,NORMAL,NORMAL,NORMAL
571,2026-09-29T16:06:22.948096,23.64,1013.32,-0.62,0.531,-0.949,8.434,0.084,-0.237,0.043,NORMAL,NORMAL,NORMAL
572,2026-09-29T16:06:23.949544,23.49,1012.99,2.17,0.507,-1.025,8.374,0.076,-0.244,0.024,NORMAL,NORMAL,NORMAL
573,2026-09-29T16:06:24.951273,23.75,1012.53,5.97,0.508,-0.96,8.439,0.066,-0.224,0.006,NORMAL,NORMAL,NORMAL
574,2026-09-29T16:06:25.953093,24.04,1012.97,2.37,0.576,-0.976,8.412,0.081,-0.238,-0.004,NORMAL,NORMAL,NORMAL
575,2026-09-29T16:06:26.955181,23.98,1012.84,3.43,0.488,-0.955,8.312,0.079,-0.252,-0.01,NORMAL,NORMAL,NORMAL
576,2026-09-29T16:06:27.960041,23.98,1013.2,0.44,0.452,-0.906,8.228,0.067,-0.247,-0.02,NORMAL,NORMAL,NORMAL
577,2026-09-29T16:06:28.961175,23.7,1012.89,2.96,0.493,-0.832,8.258,0.071,-0.242,-0.006,NORMAL,NORMAL,NORMAL
578,2026-09-29T16:06:29.962662,23.79,1012.67,4.82,0.536,-0.754,8.208,0.086,-0.254,-0.007,NORMAL,NORMAL,NORMAL
579,2026-09-29T16:06:30.963902,23.72,1013.07,1.5,0.619,-0.852,8.151,0.096,-0.236,-0.013,NORMAL,NORMAL,NORMAL
580,2026-09-29T16:06:31.964980,23.94,1012.9,2.93,0.54,-0.931,8.153,0.102,-0.216,-0.021,NORMAL,NORMAL,NORMAL
581,2026-09-29T16:06:32.966579,24.2,1012.71,4.51,0.631,-0.954,8.058,0.119,-0.21,-0.017,NORMAL,NORMAL,NORMAL
582,2026-09-29T16:06:33.972020,24.42,1012.55,5.8,0.566,-1.032,7.973,0.099,-0.213,-0.007,NORMAL,NORMAL,NORMAL
583,2026-09-29T16:06:34.973252,24.7,1012.76,4.07,0.499,-0.98,7.972,0.1,-0.197,0.0,NORMAL,NORMAL,NORMAL
584,2026-09-29T16:06:35.974655,24.97,1012.41,7.0,0.595,-0.892,7.96,0.118,-0.191,0.018,NORMAL,NORMAL,NORMAL
585,2026-09-29T16:06:36.977529,25.14,1012.14,9.22,0.577,-0.96,7.906,0.131,-0.178,0.02,NORMAL,NORMAL,NORMAL
586,2026-09-29T16:06:37.979255,25.27,1012.39,7.14,0.622,-0.891,7.951,0.146,-0.19,0.014,NORMAL,NORMAL,NORMAL
587,2026-09-29T16:06:38.980977,25.05,1012.83,3.52,0.719,-0.866,7.95,0.138,-0.171,0.021,NORMAL,NORMAL,NORMAL
588,2026-09-29T16:06:39.982325,25.17,1013.31,-0.46,0.756,-0.781,8.015,0.158,-0.187,0.004,NORMAL,NORMAL,NORMAL
589,2026-09-29T16:06:40.984547,25.14,1013.09,1.34,,,,,,,NORMAL,NORMAL,SENSOR_FAILURE
590,2026-09-29T16:06:41.986632,25.01,1013.29,-0.36,,,,,,,NORMAL,NORMAL,SENSOR_FAILURE
591,2026-09-29T16:06:42.988616,25.27,1013.11,1.16,,,,,,,NORMAL,NORMAL,SENSOR_FAILURE
592,2026-09-29T16:06:43.990226,25.5,1012.63,5.18,,,,,,,NORMAL,NORMAL,SENSOR_FAILURE
593,2026-09-29T16:06:44.991128,25.23,1012.9,2.9,,,,,,,NORMAL,NORMAL,SENSOR_FAILURE
594,2026-09-29T16:06:45.992480,25.36,1012.52,6.09,0.936,-0.671,8.145,0.196,-0.212,-0.002,NORMAL,NORMAL,NORMAL
595,2026-09-29T16:06:46.994680,25.57,1012.54,5.89,0.892,-0.595,8.084,0.179,-0.193,-0.022,NORMAL,NORMAL,NORMAL
596,2026-09-29T16:06:47.996007,25.63,1012.77,4.01,0.96,-0.497,8.131,0.169,-0.179,-0.008,NORMAL,NORMAL,NORMAL
597,2026-09-29T16:06:48.997505,25.59,1012.61,5.32,0.867,-0.437,8.194,0.153,-0.169,0.01,NORMAL,NORMAL,NORMAL
598,2026-09-29T16:06:50.000280,25.73,1012.72,4.37,0.924,-0.445,8.217,0.15,-0.185,0.017,NORMAL,NORMAL,NORMAL
599,2026-09-29T16:06:51.002693,25.84,1013.11,1.2,0.927,-0.506,8.218,0.15,-0.174,0.032,NORMAL,NORMAL,NORMAL
600,2026-09-29T16:06:52.004913,25.65,1013.23,0.17,0.844,-0.519,8.297,0.153,-0.17,0.052,NORMAL,NORMAL,NORMAL
601,2026-09-29T16:06:53.007006,25.84,1013.09,1.37,0.849,-0.464,8.366,0.135,-0.163,0.048,NORMAL,NORMAL,NORMAL
602,2026-09-29T16:06:54.008460,25.64,1013.05,1.68,0.768,-0.408,8.343,0.141,-0.145,0.032,NORMAL,NORMAL,NORMAL
603,2026-09-29T16:06:55.011129,25.73,1012.98,2.25,0.712,-0.45,8.246,0.122,-0.131,0.024,NORMAL,NORMAL,NORMAL
604,2026-09-29T16:06:56.012583,25.59,1012.98,2.26,0.622,-0.491,8.158,0.121,-0.115,0.005,NORMAL,NORMAL,NORMAL
605,2026-09-29T16:06:57.014778,25.61,1012.73,4.3,0.545,-0.503,8.176,0.107,-0.096,0.013,NORMAL,NORMAL,NORMAL
606,2026-09-29T16:06:58.017434,25.73,1012.91,2.82,0.544,-0.539,8.23,0.1,-0.114,0.008,NORMAL,NORMAL,NORMAL
607,2026-09-29T16:06:59.020152,25.63,1012.65,5.01,0.644,-0.539,8.142,0.099,-0.119,0.027,NORMAL,NORMAL,NORMAL
608,2026-09-29T16:07:00.023333,25.57,1012.72,4.39,0.585,-0.502,8.112,0.094,-0.13,0.03,NORMAL,NORMAL,NORMAL
609,2026-09-29T16:07:01.027178,25.47,1013.15,0.82,0.521,-0.425,8.013,0.098,-0.136,0.02,NORMAL,NORMAL,NORMAL
610,2026-09-29T16:07:02.031295,25.51,1012.96,2.45,0.456,-0.404,7.96,0.087,-0.12,0.015,NORMAL,NORMAL,NORMAL
611,2026-09-29T16:07:03.033794,25.38,1012.86,3.23,0.444,-0.472,7.96,0.107,-0.125,0.016,NORMAL,NORMAL,NORMAL
612,2026-09-29T16:07:04.036788,25.38,1012.37,7.32,0.413,-0.514,7.861,0.091,-0.144,0.029,NORMAL,NORMAL,NORMAL
613,2026-09-29T16:07:05.040021,25.53,1012.22,8.6,0.475,-0.573,7.783,0.097,-0.149,0.016,NORMAL,NORMAL,NORMAL
614,2026-09-29T16:07:06.042782,25.63,1011.72,12.76,0.549,-0.487,7.778,0.086,-0.136,0.034,NORMAL,NORMAL,NORMAL
615,2026-09-29T16:07:07.045387,25.62,1011.94,10.93,0.592,-0.446,7.845,0.103,-0.119,0.018,NORMAL,NORMAL,NORMAL
616,2026-09-29T16:07:08.049329,25.75,1011.86,11.62,20.0,20.0,20.0,0.117,-0.129,0.037,NORMAL,NORMAL,CRITICAL
617,2026-09-29T16:07:09.051085,25.61,1011.73,12.67,20.0,20.0,20.0,0.124,-0.142,0.037,NORMAL,NORMAL,CRITICAL
618,2026-09-29T16:07:10.054076,25.35,1011.95,10.8,20.0,20.0,20.0,0.136,-0.133,0.052,NORMAL,NORMAL,CRITICAL
619,2026-09-29T16:07:11.057479,25.15,1011.81,11.96,20.0,20.0,20.0,0.118,-0.116,0.04,NORMAL,NORMAL,CRITICAL
620,2026-09-29T16:07:12.060792,25.15,1011.68,13.1,20.0,20.0,20.0,0.121,-0.11,0.029,NORMAL,NORMAL,CRITICAL
621,2026-09-29T16:07:13.070290,25.19,1011.92,11.06,0.55,-0.688,7.915,0.131,-0.117,0.015,NORMAL,NORMAL,NORMAL
622,2026-09-29T16:07:14.074065,24.92,1011.78,12.23,0.54,-0.788,7.989,0.122,-0.105,0.013,NORMAL,NORMAL,NORMAL
623,2026-09-29T16:07:15.078997,25.19,1011.3,16.21,0.585,-0.746,8.065,0.114,-0.107,0.021,NORMAL,NORMAL,NORMAL
624,2026-09-29T16:07:16.083039,25.06,1011.76,12.45,0.565,-0.778,8.018,0.109,-0.111,0.03,NORMAL,NORMAL,NORMAL
625,2026-09-29T16:07:17.086394,24.93,1011.66,13.22,0.49,-0.843,8.112,0.107,-0.117,0.04,NORMAL,NORMAL,NORMAL
626,2026-09-29T16:07:18.089471,25.13,1012.11,9.49,0.503,-0.904,8.174,0.123,-0.11,0.059,NORMAL,NORMAL,NORMAL
627,2026-09-29T16:07:19.092901,24.97,1011.71,12.84,0.484,-0.813,8.136,0.12,-0.126,0.045,NORMAL,NORMAL,NORMAL
628,2026-09-29T16:07:20.096165,25.2,1011.83,11.81,0.394,-0.72,8.196,0.11,-0.111,0.055,NORMAL,NORMAL,NORMAL
629,2026-09-29T16:07:21.099640,25.3,1012.24,8.39,0.402,-0.73,8.195,0.121,-0.106,0.063,NORMAL,NORMAL,NORMAL
630,2026-09-29T16:07:22.102706,25.22,1012.21,8.65,0.443,-0.722,8.153,0.122,-0.094,0.047,NORMAL,NORMAL,NORMAL
631,2026-09-29T16:07:23.104701,25.08,1012.46,6.62,0.39,-0.74,8.182,0.127,-0.102,0.036,NORMAL,NORMAL,NORMAL
632,2026-09-29T16:07:24.107632,25.35,1012.17,9.04,0.349,-0.825,8.205,0.135,-0.084,0.017,NORMAL,NORMAL,NORMAL
633,2026-09-29T16:07:25.110755,25.54,1012.48,6.41,0.367,-0.864,8.237,0.147,-0.091,0.005,NORMAL,NORMAL,NORMAL
634,2026-09-29T16:07:26.114915,25.55,1012.31,7.8,0.428,-0.844,8.195,0.133,-0.092,-0.01,NORMAL,NORMAL,NORMAL
635,2026-09-29T16:07:27.160054,25.63,1012.22,8.57,0.357,-0.916,8.096,0.147,-0.105,-0.009,NORMAL,NORMAL,NORMAL
636,2026-09-29T16:07:28.163149,25.65,1011.77,12.33,0.316,-0.964,8.134,0.145,-0.107,-0.023,NORMAL,NORMAL,NORMAL
637,2026-09-29T16:07:29.165484,25.66,1011.68,13.1,0.314,-1.034,8.172,0.125,-0.093,-0.033,NORMAL,NORMAL,NORMAL
638,2026-09-29T16:07:30.168020,25.74,1011.74,12.57,0.276,-1.008,8.142,0.106,-0.095,-0.043,NORMAL,NORMAL,NORMAL
639,2026-09-29T16:07:31.170494,25.76,1011.66,13.23,0.327,-0.958,8.042,0.093,-0.108,-0.032,NORMAL,NORMAL,NORMAL
640,2026-09-29T16:07:32.198073,25.58,1011.2,17.07,0.355,-0.911,8.021,0.107,-0.118,-0.029,NORMAL,NORMAL,NORMAL
641,2026-09-29T16:07:33.233291,25.65,1010.73,21.02,0.313,-0.927,8.001,0.097,-0.133,-0.044,NORMAL,NORMAL,NORMAL
642,2026-09-29T16:07:34.239570,25.89,1010.7,21.21,0.25,-0.865,8.042,0.087,-0.138,-0.06,NORMAL,NORMAL,NORMAL
643,2026-09-29T16:07:35.242364,25.99,1010.34,24.27,0.241,-0.814,8.013,0.102,-0.154,-0.073,NORMAL,NORMAL,NORMAL
644,2026-09-29T16:07:36.245162,25.82,1010.44,23.42,0.159,-0.723,7.991,0.108,-0.136,-0.057,NORMAL,NORMAL,NORMAL
645,2026-09-29T16:07:37.247763,25.94,1010.24,25.07,0.091,-0.639,7.985,0.104,-0.149,-0.074,NORMAL,NORMAL,NORMAL
646,2026-09-29T16:07:38.251586,,1009.88,28.13,0.093,-0.737,7.996,0.093,-0.16,-0.094,SENSOR_FAILURE,NORMAL,NORMAL
647,2026-09-29T16:07:39.255535,,1010.04,26.76,0.049,-0.717,7.95,0.111,-0.167,-0.078,SENSOR_FAILURE,NORMAL,NORMAL
648,2026-09-29T16:07:40.258524,,1009.67,29.88,0.033,-0.792,7.855,0.103,-0.164,-0.091,SENSOR_FAILURE,NORMAL,NORMAL
649,2026-09-29T16:07:41.262895,,1009.99,27.19,-0.052,-0.775,7.848,0.091,-0.16,-0.087,SENSOR_FAILURE,NORMAL,NORMAL
650,2026-09-29T16:07:42.265743,,1009.81,28.68,-0.014,-0.861,7.94,0.087,-0.154,-0.077,SENSOR_FAILURE,NORMAL,NORMAL
651,2026-09-29T16:07:43.272987,25.86,1009.42,31.95,0.028,-0.96,7.916,0.095,-0.152,-0.069,NORMAL,NORMAL,NORMAL
652,2026-09-29T16:07:44.275889,25.81,1009.11,34.52,0.112,-1.018,7.969,0.099,-0.153,-0.062,NORMAL,NORMAL,NORMAL
653,2026-09-29T16:07:45.279323,25.74,1009.55,30.86,0.04,-0.993,8.033,0.115,-0.158,-0.045,NORMAL,NORMAL,NORMAL
654,2026-09-29T16:07:46.281864,25.99,1009.93,27.66,0.109,-0.98,8.114,0.105,-0.148,-0.036,NORMAL,NORMAL,NORMAL
655,2026-09-29T16:07:47.284469,26.28,1009.46,31.56,0.123,-0.923,8.117,0.098,-0.162,-0.052,NORMAL,NORMAL,NORMAL
656,2026-09-29T16:07:48.287089,26.24,1009.43,31.81,0.044,-0.892,8.087,0.085,-0.16,-0.064,NORMAL,NORMAL,NORMAL
657,2026-09-29T16:07:49.290353,26.18,1009.74,29.24,0.108,-0.984,8.054,0.104,-0.174,-0.055,NORMAL,NORMAL,NORMAL
658,2026-09-29T16:07:50.293413,26.47,1009.82,28.63,0.123,-1.069,8.079,0.093,-0.179,-0.046,NORMAL,NORMAL,NORMAL
659,2026-09-29T16:07:51.296307,26.61,1009.57,30.69,0.089,-1.063,8.043,0.086,-0.164,-0.063,NORMAL,NORMAL,NORMAL
660,2026-09-29T16:07:52.298926,26.69,1010.01,26.99,0.092,-1.068,8.029,0.097,-0.144,-0.074,NORMAL,NORMAL,NORMAL
661,2026-09-29T16:07:53.302155,26.54,1009.82,28.63,0.141,-0.998,7.978,0.083,-0.16,-0.077,NORMAL,NORMAL,NORMAL
662,2026-09-29T16:07:54.307483,26.45,1009.47,31.55,0.122,-0.932,7.964,0.098,-0.144,-0.09,NORMAL,NORMAL,NORMAL
663,2026-09-29T16:07:55.310533,26.67,1009.08,34.81,0.047,-0.998,7.973,0.081,-0.134,-0.076,NORMAL,NORMAL,NORMAL
664,2026-09-29T16:07:56.313488,26.78,1009.11,34.53,0.081,-0.988,7.889,0.07,-0.121,-0.083,NORMAL,NORMAL,NORMAL
665,2026-09-29T16:07:57.316042,26.75,1008.87,36.5,0.157,-1.005,7.837,0.069,-0.123,-0.098,NORMAL,NORMAL,NORMAL
666,2026-09-29T16:07:58.318725,26.47,1008.75,37.52,0.09,-1.046,7.864,0.054,-0.13,-0.088,NORMAL,NORMAL,NORMAL
667,2026-09-29T16:07:59.321922,26.24,1008.84,36.78,0.103,-1.022,7.936,0.073,-0.144,-0.102,NORMAL,NORMAL,NORMAL
668,2026-09-29T16:08:00.325040,26.41,1008.34,40.92,0.027,-1.041,7.968,0.077,-0.144,-0.102,NORMAL,NORMAL,NORMAL
669,2026-09-29T16:08:01.327875,26.15,1008.17,42.39,0.007,-1.026,7.955,0.068,-0.135,-0.12,NORMAL,NORMAL,NORMAL
670,2026-09-29T16:08:02.330504,26.01,1008.11,42.91,-0.001,-1.109,7.904,0.084,-0.139,-0.113,NORMAL,NORMAL,NORMAL
671,2026-09-29T16:08:03.333276,25.73,1007.76,45.83,-0.101,-1.193,7.97,0.078,-0.121,-0.097,NORMAL,NORMAL,NORMAL
672,2026-09-29T16:08:04.335902,25.62,1008.25,41.69,-0.097,-1.17,7.954,0.083,-0.106,-0.08,NORMAL,NORMAL,NORMAL
673,2026-09-29T16:08:05.339413,25.69,1008.09,43.09,-0.061,-1.257,7.997,0.086,-0.092,-0.088,NORMAL,NORMAL,NORMAL
674,2026-09-29T16:08:06.343179,25.78,1008.02,43.62,-0.125,-1.244,7.956,0.08,-0.089,-0.1,NORMAL,NORMAL,NORMAL
675,2026-09-29T16:08:07.346411,25.6,1007.63,46.9,-0.081,-1.319,7.902,0.082,-0.074,-0.102,NORMAL,NORMAL,NORMAL
676,2026-09-29T16:08:08.350148,25.89,1007.71,46.24,-0.007,-1.303,7.826,0.08,-0.088,-0.091,NORMAL,NORMAL,NORMAL
677,2026-09-29T16:08:09.353133,25.74,1007.81,45.39,0.025,-1.398,7.773,0.08,-0.086,-0.081,NORMAL,NORMAL,NORMAL
678,2026-09-29T16:08:10.357659,25.99,1007.85,45.04,0.036,-1.308,7.683,0.071,-0.101,-0.084,NORMAL,NORMAL,NORMAL
679,2026-09-29T16:08:11.361370,25.84,1008.07,43.2,0.008,-1.379,7.603,0.089,-0.092,-0.081,NORMAL,NORMAL,NORMAL
680,2026-09-29T16:08:12.363908,25.92,1007.97,44.06,0.058,-1.376,7.526,0.07,-0.086,-0.087,NORMAL,NORMAL,NORMAL
681,2026-09-29T16:08:13.366745,26.16,1008.43,40.2,0.011,-1.452,7.597,0.073,-0.085,-0.088,NORMAL,NORMAL,NORMAL
682,2026-09-29T16:08:14.369834,26.34,1008.66,38.28,-0.04,-1.426,7.501,0.062,-0.102,-0.078,NORMAL,NORMAL,NORMAL
683,2026-09-29T16:08:15.372698,26.25,1008.71,37.9,-0.062,-1.505,7.518,0.046,-0.105,-0.078,NORMAL,NORMAL,NORMAL
684,2026-09-29T16:08:16.375727,26.31,1008.94,35.95,0.008,-1.599,7.522,0.047,-0.123,-0.072,NORMAL,NORMAL,NORMAL
685,2026-09-29T16:08:17.378858,26.29,1009.28,33.07,-0.003,-1.588,7.619,0.043,-0.127,-0.085,NORMAL,NORMAL,NORMAL
686,2026-09-29T16:08:18.381373,26.18,1009.03,35.21,-0.064,-1.522,7.594,0.06,-0.114,-0.082,NORMAL,NORMAL,NORMAL
687,2026-09-29T16:08:19.383916,26.38,1009.46,31.64,-0.124,-1.458,7.522,0.052,-0.107,-0.074,NORMAL,NORMAL,NORMAL
688,2026-09-29T16:08:20.387276,26.5,1009.51,31.18,-0.159,-1.37,7.568,0.037,-0.104,-0.091,NORMAL,NORMAL,NORMAL
689,2026-09-29T16:08:21.389823,26.33,1009.13,34.33,-0.174,-1.426,7.639,0.054,-0.116,-0.107,NORMAL,NORMAL,NORMAL
690,2026-09-29T16:08:22.393699,70.0,1009.26,33.24,-0.203,-1.483,7.563,0.059,-0.134,-0.126,CRITICAL,NORMAL,NORMAL
691,2026-09-29T16:08:23.396588,70.0,1009.18,33.98,-0.153,-1.405,7.526,0.047,-0.153,-0.12,CRITICAL,NORMAL,NORMAL
692,2026-09-29T16:08:24.402134,70.0,1009.1,34.61,-0.125,-1.474,7.494,0.061,-0.157,-0.123,CRITICAL,NORMAL,NORMAL
693,2026-09-29T16:08:25.406111,70.0,1009.49,31.36,-0.089,-1.525,7.479,0.079,-0.145,-0.119,CRITICAL,NORMAL,NORMAL
694,2026-09-29T16:08:26.416682,70.0,1009.17,34.06,-0.095,-1.49,7.385,0.08,-0.151,-0.106,CRITICAL,NORMAL,NORMAL
695,2026-09-29T16:08:27.419706,26.89,1009.03,35.15,-0.055,-1.476,7.306,0.062,-0.143,-0.115,NORMAL,NORMAL,NORMAL
696,2026-09-29T16:08:28.423437,26.77,1009.16,34.11,-0.134,-1.497,7.382,0.048,-0.127,-0.13,NORMAL,NORMAL,NORMAL
697,2026-09-29T16:08:29.434376,26.61,1008.88,36.45,-0.155,-1.477,7.424,0.062,-0.134,-0.12,NORMAL,NORMAL,NORMAL
698,2026-09-29T16:08:30.437723,26.9,1009.22,33.63,-0.145,-1.384,7.502,0.069,-0.125,-0.116,NORMAL,NORMAL,NORMAL
699,2026-09-29T16:08:31.441058,26.94,1008.96,35.77,-0.149,-1.427,7.565,0.087,-0.128,-0.106,NORMAL,NORMAL,NORMAL
700,2026-09-29T16:08:32.445166,27.12,1008.99,35.54,-0.199,-1.383,7.473,0.082,-0.145,-0.122,NORMAL,NORMAL,NORMAL
701,2026-09-29T16:08:33.448367,27.38,1009.43,31.82,-0.101,-1.305,7.57,0.079,-0.125,-0.115,NORMAL,NORMAL,NORMAL
702,2026-09-29T16:08:34.450944,27.25,1009.32,32.74,-0.144,-1.338,7.594,0.092,-0.135,-0.134,NORMAL,NORMAL,NORMAL
703,2026-09-29T16:08:35.453985,27.32,1008.97,35.66,-0.187,-1.289,7.549,0.082,-0.151,-0.147,NORMAL,NORMAL,NORMAL
704,2026-09-29T16:08:36.458866,27.03,1009.04,35.08,-0.124,-1.27,7.476,0.092,-0.136,-0.162,NORMAL,NORMAL,NORMAL
705,2026-09-29T16:08:37.462887,26.98,1009.2,33.76,-0.088,-1.319,7.545,0.073,-0.144,-0.173,NORMAL,NORMAL,NORMAL
706,2026-09-29T16:08:38.466063,26.71,1009.13,34.33,-0.063,-1.262,7.491,0.083,-0.158,-0.18,NORMAL,NORMAL,NORMAL
707,2026-09-29T16:08:39.468239,26.74,1008.97,35.67,-0.048,-1.303,7.456,0.08,-0.172,-0.165,NORMAL,NORMAL,NORMAL
708,2026-09-29T16:08:40.471364,26.87,1008.9,36.29,-0.01,-1.333,7.502,0.098,-0.18,-0.182,NORMAL,NORMAL,NORMAL
709,2026-09-29T16:08:41.474732,26.87,1008.9,36.26,-0.01,-1.342,7.548,0.106,-0.188,-0.173,NORMAL,NORMAL,NORMAL
710,2026-09-29T16:08:42.477868,26.76,1008.47,39.88,0.074,-1.437,7.448,0.088,-0.176,-0.179,NORMAL,NORMAL,NORMAL
711,2026-09-29T16:08:43.480540,27.0,1008.71,37.87,0.173,-1.362,7.436,0.107,-0.195,-0.18,NORMAL,NORMAL,NORMAL
712,2026-09-29T16:08:44.483722,26.84,1008.25,41.75,0.167,-1.346,7.449,0.121,-0.211,-0.195,NORMAL,NORMAL,NORMAL
713,2026-09-29T16:08:45.486669,26.99,1008.06,43.31,0.24,-1.37,7.437,0.138,-0.23,-0.208,NORMAL,NORMAL,NORMAL
714,2026-09-29T16:08:46.489593,26.76,1008.54,39.3,0.177,-1.419,7.383,0.149,-0.225,-0.194,NORMAL,NORMAL,NORMAL
715,2026-09-29T16:08:47.492872,26.84,1008.99,35.56,0.173,-1.331,7.306,0.133,-0.209,-0.211,NORMAL,NORMAL,NORMAL
716,2026-09-29T16:08:48.495739,27.09,1009.06,34.94,0.165,-1.3,7.279,0.125,-0.198,-0.208,NORMAL,NORMAL,NORMAL
717,2026-09-29T16:08:49.498656,27.24,1008.95,35.88,0.218,-1.368,7.32,0.12,-0.217,-0.221,NORMAL,NORMAL,NORMAL
718,2026-09-29T16:08:50.501476,27.48,1008.5,39.65,0.217,-1.323,7.253,0.103,-0.236,-0.211,NORMAL,NORMAL,NORMAL
719,2026-09-29T16:08:51.504026,27.68,1008.45,40.04,0.212,-1.414,7.352,0.088,-0.226,-0.199,NORMAL,NORMAL,NORMAL
720,2026-09-29T16:08:52.506706,27.74,1008.16,42.46,0.225,-1.438,7.398,0.102,-0.213,-0.182,NORMAL,NORMAL,NORMAL
721,2026-09-29T16:08:53.510763,27.8,1007.9,44.62,0.177,-1.411,7.344,0.108,-0.231,-0.171,NORMAL,NORMAL,NORMAL
722,2026-09-29T16:08:54.513529,27.79,1007.41,48.74,0.077,-1.405,7.285,0.09,-0.225,-0.17,NORMAL,NORMAL,NORMAL
723,2026-09-29T16:08:55.517793,27.52,1007.16,50.81,0.092,-1.392,7.329,0.084,-0.215,-0.151,NORMAL,NORMAL,NORMAL
724,2026-09-29T16:08:56.520695,27.78,1007.23,50.28,0.096,-1.447,7.349,0.075,-0.201,-0.165,NORMAL,NORMAL,NORMAL
725,2026-09-29T16:08:57.523553,27.66,1007.43,48.61,0.006,-1.502,7.359,0.088,-0.217,-0.185,NORMAL,NORMAL,NORMAL
726,2026-09-29T16:08:58.526638,27.75,1007.62,46.98,0.085,-1.518,7.43,0.074,-0.21,-0.18,NORMAL,NORMAL,NORMAL
727,2026-09-29T16:08:59.529262,27.89,1007.86,44.98,0.006,-1.493,7.345,0.08,-0.216,-0.171,NORMAL,NORMAL,NORMAL
728,2026-09-29T16:09:00.532354,27.92,1007.36,49.13,-0.088,-1.398,7.401,0.096,-0.214,-0.158,NORMAL,NORMAL,NORMAL
729,2026-09-29T16:09:01.535166,28.21,1007.24,50.13,-0.163,-1.408,7.453,0.092,-0.233,-0.148,NORMAL,NORMAL,NORMAL
730,2026-09-29T16:09:02.537463,28.49,1007.03,51.88,-0.204,-1.497,7.439,0.095,-0.253,-0.161,NORMAL,NORMAL,NORMAL
731,2026-09-29T16:09:03.539902,28.2,1007.31,49.55,-0.117,-1.553,7.346,0.095,-0.26,-0.152,NORMAL,NORMAL,NORMAL
732,2026-09-29T16:09:04.542525,28.33,1007.26,49.99,-0.132,-1.55,7.427,0.086,-0.268,-0.15,NORMAL,NORMAL,NORMAL
733,2026-09-29T16:09:05.545435,28.04,1006.85,53.4,-0.079,-1.563,7.478,0.091,-0.255,-0.168,NORMAL,NORMAL,NORMAL
734,2026-09-29T16:09:06.548510,28.04,1006.74,54.3,-0.163,-1.533,7.429,0.083,-0.249,-0.181,NORMAL,NORMAL,NORMAL
735,2026-09-29T16:09:07.553474,70.0,1007.14,51.02,-0.147,-1.612,7.384,0.075,-0.261,-0.163,CRITICAL,NORMAL,NORMAL
736,2026-09-29T16:09:08.556243,70.0,1007.4,48.81,-0.206,-1.637,7.299,0.091,-0.242,-0.171,CRITICAL,NORMAL,NORMAL
737,2026-09-29T16:09:09.559043,70.0,1007.69,46.37,-0.108,-1.643,7.215,0.097,-0.237,-0.189,CRITICAL,NORMAL,NORMAL
738,2026-09-29T16:09:10.562022,70.0,1008.0,43.78,-0.101,-1.674,7.288,0.114,-0.239,-0.177,CRITICAL,NORMAL,NORMAL
739,2026-09-29T16:09:11.566149,70.0,1007.67,46.6,-0.181,-1.654,7.286,0.102,-0.234,-0.158,CRITICAL,NORMAL,NORMAL
740,2026-09-29T16:09:12.570861,29.0,1007.88,44.79,-0.196,-1.582,7.247,0.105,-0.231,-0.162,NORMAL,NORMAL,NORMAL
741,2026-09-29T16:09:13.574219,29.07,1008.27,41.55,-0.128,-1.518,7.34,0.118,-0.25,-0.145,NORMAL,NORMAL,NORMAL
742,2026-09-29T16:09:14.577574,28.94,1008.67,38.2,-0.191,-1.573,7.246,0.132,-0.242,-0.141,NORMAL,NORMAL,NORMAL
743,2026-09-29T16:09:15.581064,29.01,1008.99,35.57,-0.121,-1.641,7.326,0.132,-0.25,-0.149,NORMAL,NORMAL,NORMAL
744,2026-09-29T16:09:16.584594,29.25,1008.66,38.31,-0.084,-1.649,7.414,0.143,-0.25,-0.16,NORMAL,NORMAL,NORMAL
745,2026-09-29T16:09:17.587703,29.14,1008.92,36.1,-0.019,-1.572,7.492,0.125,-0.25,-0.164,NORMAL,NORMAL,NORMAL
746,2026-09-29T16:09:18.590471,29.11,1008.91,36.2,-0.018,-1.586,7.441,0.13,-0.246,-0.147,NORMAL,NORMAL,NORMAL
747,2026-09-29T16:09:19.593657,29.39,1009.18,33.95,-0.098,-1.578,7.512,0.123,-0.227,-0.129,NORMAL,NORMAL,NORMAL
748,2026-09-29T16:09:20.596690,29.22,1008.82,36.94,-0.031,-1.501,7.508,0.14,-0.237,-0.111,NORMAL,NORMAL,NORMAL
749,2026-09-29T16:09:21.600219,29.4,1008.65,38.36,-0.065,-1.526,7.439,0.145,-0.237,-0.13,NORMAL,NORMAL,NORMAL
750,2026-09-29T16:09:22.603387,29.51,1008.65,38.39,-0.136,-1.564,7.463,0.142,-0.249,-0.148,NORMAL,NORMAL,NORMAL
751,2026-09-29T16:09:23.606252,29.54,1009.14,34.31,-0.233,-1.65,7.518,0.136,-0.249,-0.149,NORMAL,NORMAL,NORMAL
752,2026-09-29T16:09:24.609036,29.68,1009.17,34.0,-0.318,-1.55,7.61,0.143,-0.239,-0.146,NORMAL,NORMAL,NORMAL
753,2026-09-29T16:09:25.612022,29.54,1009.1,34.64,-0.374,-1.564,7.532,0.126,-0.22,-0.163,NORMAL,NORMAL,NORMAL
754,2026-09-29T16:09:26.614911,29.33,1009.52,31.07,-0.467,-1.557,7.433,0.127,-0.234,-0.159,NORMAL,NORMAL,NORMAL
755,2026-09-29T16:09:27.618363,29.24,1009.81,28.69,-0.506,-1.539,7.349,0.115,-0.22,-0.169,NORMAL,NORMAL,NORMAL
756,2026-09-29T16:09:28.622515,28.95,1009.92,27.75,-0.426,-1.591,7.336,0.113,-0.227,-0.163,NORMAL,NORMAL,NORMAL
757,2026-09-29T16:09:29.625232,28.8,1010.24,25.1,-0.455,-1.675,7.298,0.111,-0.212,-0.158,NORMAL,NORMAL,NORMAL
758,2026-09-29T16:09:30.627782,28.65,1010.03,26.88,-0.487,-1.657,7.248,0.094,-0.205,-0.166,NORMAL,NORMAL,NORMAL
759,2026-09-29T16:09:31.630441,28.62,1009.83,28.48,-0.523,-1.581,7.29,0.077,-0.193,-0.16,NORMAL,NORMAL,NORMAL
760,2026-09-29T16:09:32.633375,28.7,1009.99,27.15,-0.586,-1.64,7.253,0.094,-0.198,-0.162,NORMAL,NORMAL,NORMAL
761,2026-09-29T16:09:33.659546,28.92,1010.18,25.61,-0.585,-1.563,7.16,0.113,-0.214,-0.18,NORMAL,NORMAL,NORMAL
762,2026-09-29T16:09:34.709741,28.9,1010.11,26.14,-0.668,-1.589,7.195,0.097,-0.215,-0.169,NORMAL,NORMAL,NORMAL
763,2026-09-29T16:09:35.717523,29.13,1010.24,25.07,-0.711,-1.522,7.143,0.089,-0.21,-0.172,NORMAL,NORMAL,NORMAL
764,2026-09-29T16:09:36.719046,29.26,1010.72,21.07,-0.761,-1.548,7.151,0.074,-0.221,-0.157,NORMAL,NORMAL,NORMAL
765,2026-09-29T16:09:37.723359,29.27,,,,,,,,,NORMAL,SENSOR_FAILURE,SENSOR_FAILURE
766,2026-09-29T16:09:38.725020,29.16,,,,,,,,,NORMAL,SENSOR_FAILURE,SENSOR_FAILURE
767,2026-09-29T16:09:39.726808,29.43,,,,,,,,,NORMAL,SENSOR_FAILURE,SENSOR_FAILURE
768,2026-09-29T16:09:40.729486,29.42,,,,,,,,,NORMAL,SENSOR_FAILURE,SENSOR_FAILURE
769,2026-09-29T16:09:41.731356,29.59,,,,,,,,,NORMAL,SENSOR_FAILURE,SENSOR_FAILURE
770,2026-09-29T16:09:42.733685,29.55,1010.08,26.39,-0.896,-1.713,7.042,0.099,-0.235,-0.149,NORMAL,NORMAL,NORMAL
771,2026-09-29T16:09:43.735331,29.37,1009.82,28.58,-0.908,-1.617,6.985,0.101,-0.226,-0.166,NORMAL,NORMAL,NORMAL
772,2026-09-29T16:09:44.759493,29.53,1009.65,30.05,-0.866,-1.566,7.005,0.093,-0.23,-0.183,NORMAL,NORMAL,NORMAL
773,2026-09-29T16:09:45.883728,29.59,1009.75,29.14,-0.853,-1.612,6.939,0.107,-0.244,-0.183,NORMAL,NORMAL,NORMAL
774,2026-09-29T16:09:46.885704,29.35,1010.11,26.17,-0.81,-1.7,7.03,0.111,-0.232,-0.165,NORMAL,NORMAL,NORMAL
775,2026-09-29T16:09:47.892588,29.4,1010.39,23.84,-0.768,-1.665,7.095,0.117,-0.251,-0.152,NORMAL,NORMAL,NORMAL
776,2026-09-29T16:09:48.952382,29.54,1010.1,26.28,-0.698,-1.715,7.025,0.128,-0.235,-0.147,NORMAL,NORMAL,NORMAL
777,2026-09-29T16:09:50.125115,29.38,1009.84,28.43,-0.778,-1.716,6.984,0.132,-0.245,-0.163,NORMAL,NORMAL,NORMAL
778,2026-09-29T16:09:51.165344,29.58,1009.68,29.8,-0.789,-1.646,6.931,0.133,-0.229,-0.149,NORMAL,NORMAL,NORMAL
779,2026-09-29T16:09:52.236430,29.35,1009.92,27.74,-0.78,-1.673,6.855,0.136,-0.218,-0.135,NORMAL,NORMAL,NORMAL
780,2026-09-29T16:09:53.250229,29.38,1009.74,29.3,-0.849,-1.724,6.928,0.145,-0.219,-0.142,NORMAL,NORMAL,NORMAL
781,2026-09-29T16:09:54.297503,29.2,1009.41,32.03,-0.833,-1.761,6.921,0.163,-0.224,-0.14,NORMAL,NORMAL,NORMAL
782,2026-09-29T16:09:55.316420,29.23,1009.66,29.94,-0.774,-1.71,6.889,0.147,-0.227,-0.138,NORMAL,NORMAL,NORMAL
783,2026-09-29T16:09:56.318139,29.25,1009.61,30.33,-0.836,-1.772,6.846,0.149,-0.236,-0.152,NORMAL,NORMAL,NORMAL
784,2026-09-29T16:09:57.320162,29.1,1009.9,27.93,-0.766,-1.824,6.746,0.137,-0.251,-0.143,NORMAL,NORMAL,NORMAL
785,2026-09-29T16:09:58.321947,28.84,1009.75,29.14,-0.778,-1.814,6.714,0.123,-0.252,-0.13,NORMAL,NORMAL,NORMAL
786,2026-09-29T16:09:59.326055,28.66,1009.31,32.89,-0.849,-1.866,6.672,0.122,-0.252,-0.135,NORMAL,NORMAL,NORMAL
787,2026-09-29T16:10:00.353608,28.68,1009.01,35.36,-0.886,-1.911,6.729,0.106,-0.264,-0.12,NORMAL,NORMAL,NORMAL
788,2026-09-29T16:10:01.729917,28.41,1009.25,33.35,-0.848,-1.942,6.787,0.109,-0.244,-0.119,NORMAL,NORMAL,NORMAL
789,2026-09-29T16:10:02.732388,28.51,1009.51,31.19,-0.784,-1.851,6.788,0.12,-0.245,-0.11,NORMAL,NORMAL,NORMAL
790,2026-09-29T16:10:03.754542,28.35,1009.12,34.41,-0.734,-1.909,6.821,0.121,-0.257,-0.093,NORMAL,NORMAL,NORMAL
791,2026-09-29T16:10:04.870448,28.38,1009.03,35.2,-0.687,-1.939,6.907,0.104,-0.244,-0.077,NORMAL,NORMAL,NORMAL
792,2026-09-29T16:10:05.878043,28.1,1008.86,36.61,-0.743,-1.868,6.956,0.087,-0.224,-0.075,NORMAL,NORMAL,NORMAL
793,2026-09-29T16:10:07.039584,28.17,1009.33,32.66,-0.712,-1.86,6.917,0.076,-0.218,-0.093,NORMAL,NORMAL,NORMAL
794,2026-09-29T16:10:08.188051,27.92,1009.29,33.0,-0.631,-1.793,7.012,0.067,-0.205,-0.112,NORMAL,NORMAL,NORMAL
795,2026-09-29T16:10:09.189928,28.08,1009.17,34.04,-0.561,-1.785,6.988,0.064,-0.223,-0.094,NORMAL,NORMAL,NORMAL
796,2026-09-29T16:10:10.191946,27.79,1009.35,32.52,-0.524,-1.754,7.064,0.081,-0.231,-0.087,NORMAL,NORMAL,NORMAL
797,2026-09-29T16:10:11.197198,27.8,,,-0.529,-1.804,7.157,0.096,-0.249,-0.106,NORMAL,SENSOR_FAILURE,NORMAL
798,2026-09-29T16:10:12.206175,28.05,,,-0.453,-1.761,7.252,0.102,-0.238,-0.116,NORMAL,SENSOR_FAILURE,NORMAL
799,2026-09-29T16:10:13.281013,27.79,,,-0.494,-1.799,7.233,0.091,-0.25,-0.13,NORMAL,SENSOR_FAILURE,NORMAL
800,2026-09-29T16:10:14.323110,27.88,,,-0.58,-1.88,7.332,0.082,-0.269,-0.149,NORMAL,SENSOR_FAILURE,NORMAL
801,2026-09-29T16:10:15.351598,27.72,,,-0.519,-1.787,7.291,0.076,-0.274,-0.169,NORMAL,SENSOR_FAILURE,NORMAL
802,2026-09-29T16:10:16.365798,27.82,1008.96,35.75,-0.597,-1.841,7.248,0.069,-0.286,-0.167,NORMAL,NORMAL,NORMAL
803,2026-09-29T16:10:17.367738,28.04,1008.58,38.95,-0.635,-1.936,7.185,0.071,-0.275,-0.165,NORMAL,NORMAL,NORMAL
804,2026-09-29T16:10:18.369227,28.28,1008.49,39.7,-0.559,-2.0,7.273,0.068,-0.292,-0.156,NORMAL,NORMAL,NORMAL
805,2026-09-29T16:10:19.370696,28.11,1008.75,37.53,-0.476,-1.969,7.284,0.068,-0.309,-0.146,NORMAL,NORMAL,NORMAL
806,2026-09-29T16:10:20.376085,28.23,1008.52,39.49,-0.516,-2.011,7.245,0.073,-0.297,-0.157,NORMAL,NORMAL,NORMAL
807,2026-09-29T16:10:21.380716,28.48,1008.95,35.88,-0.508,-1.963,7.257,0.06,-0.287,-0.17,NORMAL,NORMAL,NORMAL
808,2026-09-29T16:10:22.383034,28.35,1008.9,36.31,-0.474,-2.06,7.191,0.073,-0.277,-0.156,NORMAL,NORMAL,NORMAL
809,2026-09-29T16:10:23.385861,28.32,1008.86,36.61,-0.437,-2.039,7.151,0.076,-0.286,-0.158,NORMAL,NORMAL,NORMAL
810,2026-09-29T16:10:24.387403,28.54,1008.73,37.66,-0.452,-1.963,7.07,0.081,-0.298,-0.163,NORMAL,NORMAL,NORMAL
811,2026-09-29T16:10:25.398215,28.65,1008.48,39.82,-0.402,-1.995,7.055,0.086,-0.302,-0.158,NORMAL,NORMAL,NORMAL
812,2026-09-29T16:10:26.423224,28.54,1008.51,39.53,-0.33,-1.949,7.001,0.079,-0.302,-0.168,NORMAL,NORMAL,NORMAL
813,2026-09-29T16:10:27.424689,28.62,1008.35,40.88,-0.26,-1.898,7.005,0.064,-0.297,-0.181,NORMAL,NORMAL,NORMAL
814,2026-09-29T16:10:28.426330,28.81,1008.63,38.56,-0.21,-1.86,7.061,0.056,-0.307,-0.177,NORMAL,NORMAL,NORMAL
815,2026-09-29T16:10:29.428034,28.85,1008.82,36.96,-0.218,-1.856,6.984,0.046,-0.291,-0.191,NORMAL,NORMAL,NORMAL
816,2026-09-29T16:10:30.430130,29.04,1009.04,35.08,-0.271,-1.81,6.904,0.063,-0.301,-0.197,NORMAL,NORMAL,NORMAL
817,2026-09-29T16:10:31.433029,29.01,1009.09,34.66,-0.208,-1.903,6.986,0.08,-0.306,-0.184,NORMAL,NORMAL,NORMAL
818,2026-09-29T16:10:32.444112,29.12,1008.89,36.34,-0.257,-1.872,6.968,0.093,-0.298,-0.191,NORMAL,NORMAL,NORMAL
819,2026-09-29T16:10:33.447596,29.31,1008.8,37.14,-0.332,-1.8,6.915,0.112,-0.313,-0.192,NORMAL,NORMAL,NORMAL
820,2026-09-29T16:10:34.449347,29.17,1009.26,33.26,-0.285,-1.798,6.944,0.092,-0.305,-0.205,NORMAL,NORMAL,NORMAL
821,2026-09-29T16:10:35.451213,28.97,1009.48,31.41,-0.326,-1.749,6.985,0.112,-0.29,-0.221,NORMAL,NORMAL,NORMAL
822,2026-09-29T16:10:36.453812,28.72,1009.49,31.39,-0.26,-1.726,6.9,0.108,-0.291,-0.237,NORMAL,NORMAL,NORMAL
823,2026-09-29T16:10:37.455631,28.74,1009.81,28.65,-0.282,-1.774,6.802,0.11,-0.291,-0.249,NORMAL,NORMAL,NORMAL
824,2026-09-29T16:10:38.456934,29.04,1009.51,31.22,-0.252,-1.688,6.847,0.128,-0.311,-0.265,NORMAL,NORMAL,NORMAL
825,2026-09-29T16:10:39.462480,29.1,1009.53,31.05,-0.248,-1.663,6.914,0.143,-0.309,-0.249,NORMAL,NORMAL,NORMAL
826,2026-09-29T16:10:40.465465,29.36,1009.94,27.63,-0.236,-1.751,6.907,0.158,-0.306,-0.253,NORMAL,NORMAL,NORMAL
827,2026-09-29T16:10:41.466609,29.35,1010.37,23.99,-0.226,-1.689,6.982,0.155,-0.316,-0.235,NORMAL,NORMAL,NORMAL
828,2026-09-29T16:10:42.467890,29.39,1010.46,23.24,-0.156,-1.733,7.045,0.146,-0.317,-0.217,NORMAL,NORMAL,NORMAL
829,2026-09-29T16:10:43.469631,29.49,1010.89,19.67,-0.184,-1.725,7.11,0.136,-0.327,-0.222,NORMAL,NORMAL,NORMAL
830,2026-09-29T16:10:44.472363,29.23,1011.33,15.98,-0.21,-1.68,7.066,0.137,-0.325,-0.219,NORMAL,NORMAL,NORMAL
831,2026-09-29T16:10:45.474352,28.96,1011.26,16.6,-0.257,-1.763,7.08,0.128,-0.336,-0.207,NORMAL,NORMAL,NORMAL
832,2026-09-29T16:10:46.476388,28.83,1011.66,13.27,-0.355,-1.719,7.16,0.142,-0.33,-0.214,NORMAL,NORMAL,NORMAL
833,2026-09-29T16:10:47.478991,28.94,1012.09,9.68,-0.301,-1.761,7.164,0.155,-0.334,-0.203,NORMAL,NORMAL,NORMAL
834,2026-09-29T16:10:48.482476,29.07,1012.42,6.94,-0.28,-1.855,7.174,0.16,-0.34,-0.184,NORMAL,NORMAL,NORMAL
835,2026-09-29T16:10:49.483934,29.36,,,-0.228,-1.757,7.121,0.142,-0.32,-0.178,NORMAL,SENSOR_FAILURE,NORMAL
836,2026-09-29T16:10:50.485602,29.64,,,-0.139,-1.738,7.145,0.125,-0.324,-0.164,NORMAL,SENSOR_FAILURE,NORMAL
837,2026-09-29T16:10:51.503463,29.83,,,-0.208,-1.65,7.21,0.116,-0.33,-0.168,NORMAL,SENSOR_FAILURE,NORMAL
838,2026-09-29T16:10:52.513819,29.92,,,-0.143,-1.673,7.151,0.102,-0.322,-0.174,NORMAL,SENSOR_FAILURE,NORMAL
839,2026-09-29T16:10:53.515821,30.12,,,-0.149,-1.584,7.164,0.094,-0.327,-0.169,NORMAL,SENSOR_FAILURE,NORMAL
840,2026-09-29T16:10:54.517509,30.4,1014.05,-6.65,-0.073,-1.612,7.216,0.079,-0.309,-0.153,NORMAL,NORMAL,NORMAL
841,2026-09-29T16:10:55.519599,30.6,1014.32,-8.89,-0.01,-1.631,7.242,0.076,-0.31,-0.166,NORMAL,NORMAL,NORMAL
842,2026-09-29T16:10:56.521037,30.54,1014.25,-8.32,0.08,-1.652,7.297,0.09,-0.313,-0.148,NORMAL,NORMAL,NORMAL
843,2026-09-29T16:10:57.528497,30.38,1014.53,-10.69,0.099,-1.593,7.396,0.082,-0.313,-0.158,NORMAL,NORMAL,NORMAL
844,2026-09-29T16:10:58.562168,30.31,1014.99,-14.5,0.097,-1.607,7.369,0.072,-0.323,-0.167,NORMAL,NORMAL,NORMAL
845,2026-09-29T16:10:59.563423,30.53,1014.89,-13.65,0.031,-1.589,7.375,0.068,-0.318,-0.18,NORMAL,NORMAL,NORMAL
846,2026-09-29T16:11:00.564883,30.39,1014.48,-10.27,-0.064,-1.688,7.429,0.057,-0.325,-0.191,NORMAL,NORMAL,NORMAL
847,2026-09-29T16:11:01.566973,30.55,1014.58,-11.03,0.001,-1.663,7.504,0.062,-0.309,-0.177,NORMAL,NORMAL,NORMAL
848,2026-09-29T16:11:02.568369,30.75,1014.5,-10.36,0.069,-1.757,7.408,0.076,-0.293,-0.163,NORMAL,NORMAL,NORMAL
849,2026-09-29T16:11:03.571640,30.49,1014.49,-10.29,0.133,-1.749,7.346,0.063,-0.275,-0.171,NORMAL,NORMAL,NORMAL
850,2026-09-29T16:11:04.583059,30.66,1014.53,-10.63,0.134,-1.713,7.444,0.072,-0.258,-0.163,NORMAL,NORMAL,NORMAL
851,2026-09-29T16:11:05.584757,30.57,1014.38,-9.4,0.074,-1.778,7.518,0.073,-0.249,-0.147,NORMAL,NORMAL,NORMAL
852,2026-09-29T16:11:06.586684,30.7,1014.15,-7.48,0.028,-1.834,7.489,0.072,-0.248,-0.156,NORMAL,NORMAL,NORMAL
853,2026-09-29T16:11:07.588357,30.73,1014.3,-8.72,0.045,-1.836,7.502,0.058,-0.252,-0.166,NORMAL,NORMAL,NORMAL
854,2026-09-29T16:11:08.589745,30.67,1014.32,-8.93,0.016,-1.847,7.528,0.075,-0.241,-0.171,NORMAL,NORMAL,NORMAL
855,2026-09-29T16:11:09.593543,30.54,1013.88,-5.21,-0.053,-1.767,7.52,0.057,-0.254,-0.177,NORMAL,NORMAL,NORMAL
856,2026-09-29T16:11:10.599171,30.56,1014.37,-9.32,-0.114,-1.826,7.457,0.07,-0.234,-0.159,NORMAL,NORMAL,NORMAL
857,2026-09-29T16:11:11.603478,30.55,1014.29,-8.69,-0.027,-1.763,7.48,0.058,-0.234,-0.151,NORMAL,NORMAL,NORMAL
858,2026-09-29T16:11:12.605288,30.47,1014.34,-9.08,0.059,-1.782,7.465,0.069,-0.23,-0.139,NORMAL,NORMAL,NORMAL
859,2026-09-29T16:11:13.607201,30.72,1014.32,-8.89,0.069,-1.814,7.418,0.061,-0.221,-0.126,NORMAL,NORMAL,NORMAL
860,2026-09-29T16:11:14.610607,30.62,1014.04,-6.56,-0.027,-1.851,7.466,0.074,-0.24,-0.141,NORMAL,NORMAL,NORMAL
861,2026-09-29T16:11:53.942957,30.54,1200.0,-8.87,0.007,-1.908,7.367,0.062,-0.252,-0.134,NORMAL,CRITICAL,NORMAL
862,2026-09-29T16:11:55.659266,30.77,1200.0,-5.82,-0.066,-1.917,7.37,0.049,-0.24,-0.146,NORMAL,CRITICAL,NORMAL
863,2026-09-29T16:11:56.946941,30.78,1200.0,-8.01,-0.16,-1.971,7.441,0.053,-0.226,-0.163,NORMAL,CRITICAL,NORMAL
864,2026-09-29T16:11:58.030235,30.9,1200.0,-9.87,-0.184,-1.989,7.53,0.063,-0.209,-0.181,NORMAL,CRITICAL,NORMAL
865,2026-09-29T16:11:59.158486,31.0,1014.36,-9.22,-0.252,-1.94,7.62,0.051,-0.214,-0.172,NORMAL,NORMAL,NORMAL
866,2026-09-29T16:12:00.159944,31.23,1014.26,-8.44,-0.183,-1.889,7.693,0.043,-0.212,-0.174,NORMAL,NORMAL,NORMAL
867,2026-09-29T16:12:01.162074,31.27,1013.88,-5.23,-0.258,-1.944,7.655,0.045,-0.209,-0.173,NORMAL,NORMAL,NORMAL
868,2026-09-29T16:12:02.164174,31.01,1013.8,-4.58,-0.266,-1.944,7.708,0.06,-0.211,-0.153,NORMAL,NORMAL,NORMAL
869,2026-09-29T16:12:03.205813,31.23,1013.71,-3.81,-0.285,-1.94,7.727,0.043,-0.199,-0.145,NORMAL,NORMAL,NORMAL
870,2026-09-29T16:12:04.258816,30.95,1014.08,-6.88,-0.37,-1.969,7.64,0.05,-0.194,-0.146,NORMAL,NORMAL,NORMAL
871,2026-09-29T16:12:05.478099,30.97,1014.16,-7.57,-0.44,-1.873,7.665,0.038,-0.193,-0.141,NORMAL,NORMAL,NORMAL
872,2026-09-29T16:12:06.480369,31.09,1014.47,-10.18,-0.357,-1.863,7.705,0.041,-0.205,-0.148,NORMAL,NORMAL,NORMAL
873,2026-09-29T16:12:07.481911,31.01,1014.8,-12.87,-0.363,-1.854,7.671,0.033,-0.213,-0.156,NORMAL,NORMAL,NORMAL
874,2026-09-29T16:12:08.484081,31.17,1015.03,-14.8,-0.368,-1.892,7.574,0.014,-0.194,-0.137,NORMAL,NORMAL,NORMAL
875,2026-09-29T16:12:09.486661,31.06,1014.72,-12.22,-0.362,-1.859,7.604,0.017,-0.184,-0.118,NORMAL,NORMAL,NORMAL
876,2026-09-29T16:12:10.488200,31.23,1014.88,-13.55,-0.402,-1.787,7.67,0.031,-0.187,-0.111,NORMAL,NORMAL,NORMAL
877,2026-09-29T16:12:11.490004,31.04,1014.84,-13.24,-0.363,-1.775,7.613,0.029,-0.187,-0.096,NORMAL,NORMAL,NORMAL
878,2026-09-29T16:12:12.491785,30.8,1014.65,-11.68,-0.322,-1.802,7.528,0.032,-0.186,-0.107,NORMAL,NORMAL,NORMAL
879,2026-09-29T16:12:13.494613,31.09,1015.08,-15.26,-0.352,-1.827,7.535,0.038,-0.181,-0.093,NORMAL,NORMAL,NORMAL
880,2026-09-29T16:12:14.496092,31.1,1014.95,-14.16,-0.272,-1.825,7.632,0.03,-0.185,-0.083,NORMAL,NORMAL,NORMAL
881,2026-09-29T16:12:15.498041,30.83,1014.53,-10.68,-0.281,-1.839,7.675,0.018,-0.168,-0.086,NORMAL,NORMAL,NORMAL
882,2026-09-29T16:12:16.500086,31.02,1014.11,-7.2,-0.278,-1.885,7.689,0.004,-0.172,-0.106,NORMAL,NORMAL,NORMAL
883,2026-09-29T16:12:17.502420,31.11,1014.0,-6.25,-0.227,-1.862,7.706,-0.01,-0.187,-0.098,NORMAL,NORMAL,NORMAL
884,2026-09-29T16:12:18.504260,31.24,1014.38,-9.4,-0.231,-1.847,7.651,-0.008,-0.178,-0.101,NORMAL,NORMAL,NORMAL
885,2026-09-29T16:12:19.506700,31.27,1014.79,-12.78,-0.135,-1.833,7.59,0.005,-0.185,-0.103,NORMAL,NORMAL,NORMAL
886,2026-09-29T16:12:20.508828,31.08,1014.52,-10.57,-0.115,-1.89,7.569,-0.012,-0.191,-0.121,NORMAL,NORMAL,NORMAL
887,2026-09-29T16:12:21.513695,31.15,1014.16,-7.54,-0.212,-1.964,7.58,-0.02,-0.175,-0.134,NORMAL,NORMAL,NORMAL
888,2026-09-29T16:12:22.526170,30.9,,,,,,,,,NORMAL,SENSOR_FAILURE,SENSOR_FAILURE
889,2026-09-29T16:12:23.528032,31.14,,,,,,,,,NORMAL,SENSOR_FAILURE,SENSOR_FAILURE
890,2026-09-29T16:12:24.530827,31.4,,,,,,,,,NORMAL,SENSOR_FAILURE,SENSOR_FAILURE
891,2026-09-29T16:12:25.536181,31.26,,,,,,,,,NORMAL,SENSOR_FAILURE,SENSOR_FAILURE
892,2026-09-29T16:12:26.546640,31.01,,,,,,,,,NORMAL,SENSOR_FAILURE,SENSOR_FAILURE
893,2026-09-29T16:12:27.548943,30.9,1013.72,-3.91,-0.432,-1.87,7.441,-0.002,-0.167,-0.113,NORMAL,NORMAL,NORMAL
894,2026-09-29T16:12:28.553733,31.14,1013.61,-3.03,-0.407,-1.855,7.388,0.011,-0.179,-0.122,NORMAL,NORMAL,NORMAL
895,2026-09-29T16:12:29.556059,31.16,1013.8,-4.55,-0.407,-1.911,7.392,0.011,-0.174,-0.136,NORMAL,NORMAL,NORMAL
896,2026-09-29T16:12:30.557700,31.2,1013.89,-5.36,-0.39,-1.843,7.477,0.009,-0.173,-0.137,NORMAL,NORMAL,NORMAL
897,2026-09-29T16:12:31.559870,31.49,1013.56,-2.62,-0.394,-1.923,7.45,0.016,-0.19,-0.148,NORMAL,NORMAL,NORMAL
898,2026-09-29T16:12:32.562141,31.67,1013.37,-1.01,-0.363,-2.009,7.399,0.017,-0.184,-0.161,NORMAL,NORMAL,NORMAL
899,2026-09-29T16:12:33.563707,31.94,1013.45,-1.63,-0.434,-2.096,7.308,0.021,-0.169,-0.143,NORMAL,NORMAL,NORMAL
900,2026-09-29T16:12:34.566388,32.23,1013.87,-5.14,-0.513,-2.01,7.282,0.019,-0.149,-0.125,NORMAL,NORMAL,NORMAL
901,2026-09-29T16:12:35.569805,32.23,1014.3,-8.78,-0.481,-2.016,7.365,0.005,-0.167,-0.119,NORMAL,NORMAL,NORMAL
902,2026-09-29T16:12:36.571464,32.06,1014.4,-9.57,-0.496,-2.082,7.404,0.019,-0.182,-0.107,NORMAL,NORMAL,NORMAL
903,2026-09-29T16:12:37.573442,31.76,1014.24,-8.26,-0.487,-2.021,7.49,0.031,-0.172,-0.111,NORMAL,NORMAL,NORMAL
904,2026-09-29T16:12:38.575411,32.01,1013.82,-4.75,-0.461,-2.028,7.398,0.013,-0.176,-0.107,NORMAL,NORMAL,NORMAL
905,2026-09-29T16:12:39.577372,31.72,1014.0,-6.23,-0.521,-2.007,7.299,0.018,-0.186,-0.121,NORMAL,NORMAL,NORMAL
906,2026-09-29T16:12:40.581064,31.8,1014.01,-6.36,-0.536,-2.066,7.356,0.025,-0.171,-0.138,NORMAL,NORMAL,NORMAL
907,2026-09-29T16:12:41.582518,31.64,1013.65,-3.37,-0.464,-1.967,7.285,0.032,-0.153,-0.134,NORMAL,NORMAL,NORMAL
908,2026-09-29T16:12:42.587548,31.72,1013.63,-3.13,-0.537,-2.061,7.344,0.048,-0.134,-0.119,NORMAL,NORMAL,NORMAL
909,2026-09-29T16:12:43.603826,31.96,1014.1,-7.09,-0.561,-2.056,7.248,0.058,-0.118,-0.127,NORMAL,NORMAL,NORMAL
910,2026-09-29T16:12:44.606203,31.9,1013.99,-6.15,-0.48,-2.051,7.297,0.059,-0.114,-0.146,NORMAL,NORMAL,NORMAL
911,2026-09-29T16:12:45.607864,31.88,1014.25,-8.32,-0.424,-1.96,7.356,0.048,-0.097,-0.152,NORMAL,NORMAL,NORMAL
912,2026-09-29T16:12:46.610920,32.18,1014.39,-9.5,-0.381,-2.027,7.309,0.039,-0.087,-0.16,NORMAL,NORMAL,NORMAL
913,2026-09-29T16:12:47.612942,32.31,1014.73,-12.29,-0.441,-2.01,7.391,0.019,-0.08,-0.178,NORMAL,NORMAL,NORMAL
914,2026-09-29T16:12:48.621956,32.45,1015.16,-15.9,-0.393,-1.96,7.337,0.013,-0.073,-0.193,NORMAL,NORMAL,NORMAL
915,2026-09-29T16:12:49.628112,32.3,1014.85,-13.28,-0.421,-2.025,7.378,0.002,-0.054,-0.213,NORMAL,NORMAL,NORMAL
916,2026-09-29T16:12:50.630112,32.08,1014.77,-12.62,-0.468,-2.115,7.3,0.02,-0.073,-0.226,NORMAL,NORMAL,NORMAL
917,2026-09-29T16:12:51.633748,32.2,1014.66,-11.74,-0.441,-2.199,7.211,0.022,-0.08,-0.222,NORMAL,NORMAL,NORMAL
918,2026-09-29T16:12:52.637016,32.12,1014.67,-11.82,-0.418,-2.173,7.215,0.041,-0.088,-0.217,NORMAL,NORMAL,NORMAL
919,2026-09-29T16:12:53.639798,32.03,1015.14,-15.72,-0.338,-2.155,7.253,0.055,-0.101,-0.223,NORMAL,NORMAL,NORMAL
920,2026-09-29T16:12:54.642019,32.17,1015.33,-17.32,-0.43,-2.068,7.344,0.064,-0.084,-0.228,NORMAL,NORMAL,NORMAL
921,2026-09-29T16:12:55.644241,32.08,1015.61,-19.59,-0.449,-2.087,7.246,0.054,-0.079,-0.222,NORMAL,NORMAL,NORMAL
922,2026-09-29T16:12:56.646248,32.23,1015.15,-15.84,-0.504,-2.134,7.218,0.066,-0.076,-0.211,NORMAL,NORMAL,NORMAL
923,2026-09-29T16:12:57.648458,32.15,1014.87,-13.51,,,,,,,NORMAL,NORMAL,SENSOR_FAILURE
924,2026-09-29T16:12:58.650826,32.34,1015.31,-17.15,,,,,,,NORMAL,NORMAL,SENSOR_FAILURE
925,2026-09-29T16:12:59.653381,32.15,1014.97,-14.35,,,,,,,NORMAL,NORMAL,SENSOR_FAILURE
926,2026-09-29T16:13:00.655012,32.34,1015.03,-14.77,,,,,,,NORMAL,NORMAL,SENSOR_FAILURE
927,2026-09-29T16:13:01.656738,32.6,1014.84,-13.24,,,,,,,NORMAL,NORMAL,SENSOR_FAILURE
928,2026-09-29T16:13:02.658927,32.34,1014.37,-9.33,-0.432,-2.123,7.301,0.078,-0.029,-0.204,NORMAL,NORMAL,NORMAL
929,2026-09-29T16:13:03.661291,32.43,1014.73,-12.35,-0.38,-2.072,7.376,0.091,-0.01,-0.193,NORMAL,NORMAL,NORMAL
930,2026-09-29T16:13:04.663929,32.32,1015.21,-16.35,-0.444,-1.997,7.291,0.075,-0.01,-0.179,NORMAL,NORMAL,NORMAL
931,2026-09-29T16:13:05.672082,32.14,1015.27,-16.79,-0.469,-2.017,7.315,0.074,-0.024,-0.165,NORMAL,NORMAL,NORMAL
932,2026-09-29T16:13:06.676418,32.33,1015.09,-15.31,-0.439,-2.009,7.287,0.055,-0.008,-0.177,NORMAL,NORMAL,NORMAL
933,2026-09-29T16:13:07.678886,32.62,1014.85,-13.34,-0.479,-1.943,7.302,0.059,-0.025,-0.166,NORMAL,NORMAL,NORMAL
934,2026-09-29T16:13:08.682210,32.46,1015.27,-16.83,-0.499,-1.853,7.309,0.051,-0.017,-0.166,NORMAL,NORMAL,NORMAL
935,2026-09-29T16:13:09.690794,32.51,1014.8,-12.9,-0.521,-1.906,7.259,0.068,-0.004,-0.18,NORMAL,NORMAL,NORMAL
936,2026-09-29T16:13:10.692386,32.45,1014.63,-11.49,-0.481,-1.838,7.286,0.063,-0.016,-0.171,NORMAL,NORMAL,NORMAL
937,2026-09-29T16:13:11.694060,32.34,1014.4,-9.57,-0.447,-1.811,7.271,0.049,-0.029,-0.178,NORMAL,NORMAL,NORMAL
938,2026-09-29T16:13:12.697474,32.48,1013.91,-5.46,-0.522,-1.819,7.346,0.053,-0.04,-0.171,NORMAL,NORMAL,NORMAL
939,2026-09-29T16:13:13.698670,32.53,1013.91,-5.49,-0.56,-1.909,7.442,0.036,-0.054,-0.163,NORMAL,NORMAL,NORMAL
940,2026-09-29T16:13:14.699853,32.63,1013.78,-4.41,-0.475,-1.975,7.503,0.025,-0.046,-0.18,NORMAL,NORMAL,NORMAL
941,2026-09-29T16:13:15.701311,32.36,1013.32,-0.61,-0.461,-1.97,7.586,0.019,-0.032,-0.164,NORMAL,NORMAL,NORMAL
942,2026-09-29T16:13:16.702621,32.57,1013.26,-0.09,-0.489,-1.981,7.529,0.029,-0.03,-0.178,NORMAL,NORMAL,NORMAL
943,2026-09-29T16:13:17.703791,32.43,1013.35,-0.86,-0.573,-2.031,7.628,0.041,-0.049,-0.164,NORMAL,NORMAL,NORMAL
944,2026-09-29T16:13:18.704690,32.68,1013.29,-0.34,-0.604,-1.935,7.549,0.061,-0.056,-0.149,NORMAL,NORMAL,NORMAL
945,2026-09-29T16:13:19.705787,32.63,1013.19,0.48,-0.636,-1.961,7.64,0.059,-0.046,-0.132,NORMAL,NORMAL,NORMAL
946,2026-09-29T16:13:20.707754,32.56,1013.52,-2.26,-0.572,-1.911,7.7,0.069,-0.049,-0.136,NORMAL,NORMAL,NORMAL
947,2026-09-29T16:13:21.720815,32.63,1013.32,-0.61,-0.653,-1.973,7.772,0.082,-0.049,-0.125,NORMAL,NORMAL,NORMAL
948,2026-09-29T16:13:22.721829,32.86,1013.42,-1.42,-0.708,-2.013,7.771,0.092,-0.049,-0.129,NORMAL,NORMAL,NORMAL
949,2026-09-29T16:13:23.725047,32.71,1013.66,-3.4,-0.78,-2.021,7.674,0.077,-0.045,-0.125,NORMAL,NORMAL,NORMAL
950,2026-09-29T16:13:24.726079,32.79,1014.14,-7.39,-0.785,-2.093,7.773,0.095,-0.062,-0.14,NORMAL,NORMAL,NORMAL
951,2026-09-29T16:13:25.727274,32.61,1014.22,-8.1,-0.72,-2.052,7.8,0.076,-0.075,-0.153,NORMAL,NORMAL,NORMAL
952,2026-09-29T16:13:26.728292,32.64,1014.59,-11.16,-0.738,-1.958,7.802,0.064,-0.064,-0.158,NORMAL,NORMAL,NORMAL
953,2026-09-29T16:13:27.728991,32.74,1015.09,-15.31,-0.667,-2.056,7.765,0.065,-0.075,-0.15,NORMAL,NORMAL,NORMAL
954,2026-09-29T16:13:28.730048,32.6,1014.77,-12.62,-0.723,-1.965,7.841,0.052,-0.067,-0.16,NORMAL,NORMAL,NORMAL
955,2026-09-29T16:13:29.730820,32.78,1014.88,-13.58,-0.726,-1.954,7.886,0.036,-0.048,-0.144,NORMAL,NORMAL,NORMAL
956,2026-09-29T16:13:30.731746,32.97,1015.08,-15.23,-0.68,-1.862,7.951,0.028,-0.042,-0.129,NORMAL,NORMAL,NORMAL
957,2026-09-29T16:13:31.732649,32.74,1015.18,-16.06,-0.767,-1.83,8.028,0.047,-0.059,-0.113,NORMAL,NORMAL,NORMAL
958,2026-09-29T16:13:32.733847,32.59,1014.97,-14.33,-0.808,-1.778,8.044,0.039,-0.04,-0.109,NORMAL,NORMAL,NORMAL
959,2026-09-29T16:13:33.735007,32.61,1015.31,-17.12,-0.884,-1.687,8.129,0.021,-0.052,-0.109,NORMAL,NORMAL,NORMAL
960,2026-09-29T16:13:34.737739,32.31,1015.64,-19.87,-0.811,-1.614,8.058,0.032,-0.05,-0.109,NORMAL,NORMAL,NORMAL
961,2026-09-29T16:13:35.738638,32.11,1015.71,-20.48,-0.732,-1.705,8.055,0.029,-0.067,-0.096,NORMAL,NORMAL,NORMAL
962,2026-09-29T16:13:36.740054,31.81,,,-0.762,-1.795,8.057,0.032,-0.075,-0.097,NORMAL,SENSOR_FAILURE,NORMAL
963,2026-09-29T16:13:37.741523,32.08,,,-0.86,-1.7,8.133,0.026,-0.076,-0.091,NORMAL,SENSOR_FAILURE,NORMAL
964,2026-09-29T16:13:38.744088,32.28,,,-0.934,-1.709,8.18,0.024,-0.069,-0.092,NORMAL,SENSOR_FAILURE,NORMAL
965,2026-09-29T16:13:39.748823,32.41,,,-1.003,-1.755,8.126,0.008,-0.079,-0.096,NORMAL,SENSOR_FAILURE,NORMAL
966,2026-09-29T16:13:40.752087,32.67,,,-1.0,-1.698,8.21,0.02,-0.064,-0.079,NORMAL,SENSOR_FAILURE,NORMAL
967,2026-09-29T16:13:41.756568,32.83,1015.8,-21.23,-0.957,-1.677,8.153,0.029,-0.049,-0.082,NORMAL,NORMAL,NORMAL
968,2026-09-29T16:13:42.760078,32.63,1015.88,-21.89,-1.023,-1.776,8.132,0.03,-0.051,-0.101,NORMAL,NORMAL,NORMAL
969,2026-09-29T16:13:43.764130,32.6,1016.08,-23.56,-0.935,-1.771,8.071,0.039,-0.064,-0.107,NORMAL,NORMAL,NORMAL
970,2026-09-29T16:13:44.766068,32.61,1015.97,-22.59,-0.871,-1.673,8.127,0.048,-0.053,-0.093,NORMAL,NORMAL,NORMAL
971,2026-09-29T16:13:45.767264,32.41,1016.02,-23.0,-0.821,-1.709,8.108,0.056,-0.04,-0.103,NORMAL,NORMAL,NORMAL
972,2026-09-29T16:13:46.769177,32.47,1016.06,-23.39,-0.868,-1.725,8.081,0.071,-0.052,-0.122,NORMAL,NORMAL,NORMAL
973,2026-09-29T16:13:47.771631,32.4,1015.68,-20.21,-0.877,-1.759,7.988,0.09,-0.052,-0.108,NORMAL,NORMAL,NORMAL
974,2026-09-29T16:13:48.774034,32.67,1015.7,-20.41,-0.96,-1.799,7.949,0.084,-0.067,-0.117,NORMAL,NORMAL,NORMAL
975,2026-09-29T16:13:49.775945,32.73,1015.53,-18.99,-1.057,-1.889,7.99,0.07,-0.063,-0.126,NORMAL,NORMAL,NORMAL
976,2026-09-29T16:13:50.780197,32.54,1015.72,-20.56,-1.006,-1.949,7.957,0.088,-0.059,-0.114,NORMAL,NORMAL,NORMAL
977,2026-09-29T16:13:51.781926,32.72,1015.96,-22.51,-0.917,-1.951,8.026,0.103,-0.078,-0.122,NORMAL,NORMAL,NORMAL
978,2026-09-29T16:13:52.784391,32.57,1016.22,-24.73,-0.925,-2.005,7.931,0.122,-0.084,-0.103,NORMAL,NORMAL,NORMAL
979,2026-09-29T16:13:53.785763,32.56,1016.38,-26.04,-0.97,-2.055,7.855,0.123,-0.082,-0.095,NORMAL,NORMAL,NORMAL
980,2026-09-29T16:13:54.787413,32.8,1016.46,-26.72,-0.905,-2.06,7.907,0.113,-0.082,-0.075,NORMAL,NORMAL,NORMAL
981,2026-09-29T16:13:55.790230,32.51,1016.11,-23.78,-0.947,-2.022,7.83,0.131,-0.067,-0.069,NORMAL,NORMAL,NORMAL
982,2026-09-29T16:13:56.793464,32.59,1015.82,-21.41,-0.851,-1.94,7.864,0.121,-0.055,-0.055,NORMAL,NORMAL,NORMAL
983,2026-09-29T16:13:57.808059,32.71,1015.8,-21.21,-0.793,-2.004,7.819,0.108,-0.043,-0.038,NORMAL,NORMAL,NORMAL
984,2026-09-29T16:13:58.830143,32.53,1015.83,-21.46,-0.724,-1.943,7.874,0.093,-0.043,-0.037,NORMAL,NORMAL,NORMAL
985,2026-09-29T16:13:59.857071,32.23,1015.42,-18.08,-0.764,-1.941,7.859,0.077,-0.044,-0.047,NORMAL,NORMAL,NORMAL
986,2026-09-29T16:14:00.865069,32.06,1015.24,-16.53,-0.82,-2.04,7.873,0.068,-0.034,-0.042,NORMAL,NORMAL,NORMAL
987,2026-09-29T16:14:01.867191,32.29,1014.98,-14.43,-0.792,-2.067,7.943,0.081,-0.031,-0.06,NORMAL,NORMAL,NORMAL
988,2026-09-29T16:14:02.868363,32.39,1014.95,-14.15,-0.84,-2.092,7.993,0.08,-0.042,-0.078,NORMAL,NORMAL,NORMAL
989,2026-09-29T16:14:03.872928,32.19,,,-0.855,-2.104,7.982,0.089,-0.061,-0.069,NORMAL,SENSOR_FAILURE,NORMAL
990,2026-09-29T16:14:04.876753,32.18,,,-0.924,-2.196,8.019,0.091,-0.069,-0.055,NORMAL,SENSOR_FAILURE,NORMAL
991,2026-09-29T16:14:05.880325,31.9,,,-0.827,-2.124,8.092,0.079,-0.085,-0.067,NORMAL,SENSOR_FAILURE,NORMAL
992,2026-09-29T16:14:06.881975,31.68,,,-0.906,-2.045,8.086,0.09,-0.083,-0.051,NORMAL,SENSOR_FAILURE,NORMAL
993,2026-09-29T16:14:07.884015,31.61,,,-0.887,-2.006,8.034,0.104,-0.092,-0.046,NORMAL,SENSOR_FAILURE,NORMAL
994,2026-09-29T16:14:08.887755,31.46,1013.72,-3.94,-0.913,-1.956,7.941,0.113,-0.101,-0.052,NORMAL,NORMAL,NORMAL
995,2026-09-29T16:14:09.891521,31.32,1013.34,-0.71,-0.906,-1.98,8.009,0.132,-0.088,-0.035,NORMAL,NORMAL,NORMAL
996,2026-09-29T16:14:10.895288,31.31,1013.23,0.19,-0.953,-1.998,8.022,0.128,-0.105,-0.027,NORMAL,NORMAL,NORMAL
997,2026-09-29T16:14:11.900221,31.08,1013.63,-3.14,-1.042,-2.032,8.104,0.127,-0.111,-0.029,NORMAL,NORMAL,NORMAL
998,2026-09-29T16:14:12.903942,30.88,1013.27,-0.15,-1.105,-1.934,8.055,0.11,-0.128,-0.01,NORMAL,NORMAL,NORMAL
999,2026-09-29T16:14:13.907527,30.85,1013.01,1.96,-1.15,-1.883,8.063,0.106,-0.14,-0.013,NORMAL,NORMAL,NORMAL
1000,2026-09-29T16:14:14.910175,30.68,1013.19,0.52,-1.063,-1.92,7.986,0.114,-0.159,-0.007,NORMAL,NORMAL,NORMAL
1001,2026-09-29T16:14:15.913334,30.57,1012.83,3.48,-1.001,-1.855,8.067,0.106,-0.163,0.012,NORMAL,NORMAL,NORMAL
1002,2026-09-29T16:14:16.915814,30.46,1012.86,3.27,-1.001,-1.878,7.998,0.119,-0.183,0.013,NORMAL,NORMAL,NORMAL
1003,2026-09-29T16:14:17.917116,30.39,1012.39,7.16,-0.932,-1.82,7.961,0.121,-0.174,0.015,NORMAL,NORMAL,NORMAL
1004,2026-09-29T16:14:18.919093,30.5,1012.54,5.89,-0.859,-1.862,7.966,0.103,-0.187,0.003,NORMAL,NORMAL,NORMAL
1005,2026-09-29T16:14:19.920637,30.45,1012.6,5.41,-0.819,-1.909,8.065,0.09,-0.202,-0.006,NORMAL,NORMAL,NORMAL
1006,2026-09-29T16:14:20.922757,30.16,1012.69,4.7,-0.728,-1.824,8.157,0.103,-0.202,0.004,NORMAL,NORMAL,NORMAL
1007,2026-09-29T16:14:21.924810,29.86,1013.02,1.89,-0.683,-1.846,8.161,0.098,-0.209,0.016,NORMAL,NORMAL,NORMAL
1008,2026-09-29T16:14:22.927444,29.83,1013.51,-2.2,-0.604,-1.772,8.205,0.088,-0.224,0.021,NORMAL,NORMAL,NORMAL
1009,2026-09-29T16:14:23.928795,29.6,1013.77,-4.35,-0.603,-1.805,8.256,0.086,-0.208,0.031,NORMAL,NORMAL,NORMAL
1010,2026-09-29T16:14:24.931356,29.36,1014.02,-6.44,-0.564,-1.741,8.195,0.085,-0.223,0.014,NORMAL,NORMAL,NORMAL
1011,2026-09-29T16:14:25.934171,29.12,1013.7,-3.72,-0.465,-1.771,8.151,0.09,-0.224,0.01,NORMAL,NORMAL,NORMAL
1012,2026-09-29T16:14:26.936014,29.18,1013.53,-2.36,-0.446,-1.831,8.127,0.1,-0.222,0.003,NORMAL,NORMAL,NORMAL
1013,2026-09-29T16:14:27.937822,29.42,1013.32,-0.59,-0.463,-1.777,8.141,0.09,-0.218,0.022,NORMAL,NORMAL,NORMAL
1014,2026-09-29T16:14:28.938964,29.23,1013.78,-4.38,-0.493,-1.847,8.065,0.076,-0.224,0.028,NORMAL,NORMAL,NORMAL
1015,2026-09-29T16:14:29.940053,29.45,1013.31,-0.51,-0.563,-1.934,8.156,0.057,-0.205,0.046,NORMAL,NORMAL,NORMAL
1016,2026-09-29T16:14:30.945645,29.15,1013.47,-1.87,-0.512,-1.998,8.149,0.064,-0.207,0.053,NORMAL,NORMAL,NORMAL
1017,2026-09-29T16:14:31.947017,29.09,1013.69,-3.67,-0.551,-1.986,8.243,0.061,-0.205,0.04,NORMAL,NORMAL,NORMAL
1018,2026-09-29T16:14:32.948786,29.21,1014.18,-7.78,-0.582,-2.047,8.222,0.044,-0.198,0.027,NORMAL,NORMAL,NORMAL
1019,2026-09-29T16:14:33.950104,29.34,1014.25,-8.35,-0.615,-2.069,8.318,0.031,-0.211,0.042,NORMAL,NORMAL,NORMAL
1020,2026-09-29T16:14:34.951988,29.32,1014.69,-11.96,-0.602,-2.047,8.241,0.029,-0.209,0.048,NORMAL,NORMAL,NORMAL
1021,2026-09-29T16:14:35.954182,29.47,1015.05,-14.96,-0.583,-1.969,8.263,0.025,-0.218,0.045,NORMAL,NORMAL,NORMAL
1022,2026-09-29T16:14:36.955812,29.44,1015.34,-17.36,-0.655,-1.965,8.166,0.016,-0.199,0.054,NORMAL,NORMAL,NORMAL
1023,2026-09-29T16:14:37.958121,70.0,1014.87,-13.5,,,,,,,CRITICAL,NORMAL,SENSOR_FAILURE
1024,2026-09-29T16:14:38.959388,70.0,1014.58,-11.08,,,,,,,CRITICAL,NORMAL,SENSOR_FAILURE
1025,2026-09-29T16:14:39.961650,70.0,1015.01,-14.66,,,,,,,CRITICAL,NORMAL,SENSOR_FAILURE
1026,2026-09-29T16:14:40.962508,70.0,1014.56,-10.93,,,,,,,CRITICAL,NORMAL,SENSOR_FAILURE
1027,2026-09-29T16:14:41.964224,70.0,1014.75,-12.45,,,,,,,CRITICAL,NORMAL,SENSOR_FAILURE
1028,2026-09-29T16:14:42.966760,28.96,1014.45,-9.99,-0.86,-1.873,8.016,0.052,-0.19,0.019,NORMAL,NORMAL,NORMAL
1029,2026-09-29T16:14:43.968685,28.91,1014.5,-10.42,-0.874,-1.946,8.005,0.06,-0.21,0.024,NORMAL,NORMAL,NORMAL
1030,2026-09-29T16:14:44.970954,28.82,1014.15,-7.46,-0.941,-1.854,7.97,0.046,-0.194,0.024,NORMAL,NORMAL,NORMAL
1031,2026-09-29T16:14:45.972960,28.63,1013.83,-4.83,-0.957,-1.826,7.991,0.037,-0.177,0.018,NORMAL,NORMAL,NORMAL
1032,2026-09-29T16:14:46.975938,28.52,1013.93,-5.63,-1.052,-1.899,8.005,0.03,-0.195,0.037,NORMAL,NORMAL,NORMAL
1033,2026-09-29T16:14:47.978198,28.35,1014.26,-8.38,-1.057,-1.86,7.958,0.038,-0.214,0.041,NORMAL,NORMAL,NORMAL
1034,2026-09-29T16:14:48.980353,28.43,1013.83,-4.8,-0.973,-1.83,8.052,0.035,-0.228,0.049,NORMAL,NORMAL,NORMAL
1035,2026-09-29T16:14:49.982071,28.63,1013.47,-1.82,-1.05,-1.83,8.025,0.047,-0.241,0.058,NORMAL,NORMAL,NORMAL
1036,2026-09-29T16:14:50.984360,28.63,1013.95,-5.85,-0.978,-1.896,8.02,0.058,-0.24,0.047,NORMAL,NORMAL,NORMAL
1037,2026-09-29T16:14:51.985568,28.86,1014.31,-8.85,-0.908,-1.978,8.117,0.068,-0.224,0.049,NORMAL,NORMAL,NORMAL
1038,2026-09-29T16:14:52.986980,28.76,1014.17,-7.64,-0.856,-2.002,8.174,0.075,-0.231,0.05,NORMAL,NORMAL,NORMAL
1039,2026-09-29T16:14:53.989568,28.87,1014.02,-6.37,-0.931,-2.036,8.204,0.09,-0.238,0.062,NORMAL,NORMAL,NORMAL
1040,2026-09-29T16:14:54.992046,28.66,1014.24,-8.24,-0.874,-2.121,8.302,0.088,-0.255,0.067,NORMAL,NORMAL,NORMAL
1041,2026-09-29T16:14:55.993594,28.95,1014.48,-10.26,-0.824,-2.157,8.202,0.105,-0.261,0.067,NORMAL,NORMAL,NORMAL
1042,2026-09-29T16:14:56.995478,28.73,1014.58,-11.07,-0.799,-2.246,8.209,0.099,-0.274,0.06,NORMAL,NORMAL,NORMAL
1043,2026-09-29T16:14:57.997469,28.75,1014.28,-8.59,-0.816,-2.255,8.208,0.081,-0.261,0.056,NORMAL,NORMAL,NORMAL
1044,2026-09-29T16:14:59.000296,28.79,1013.85,-4.98,-0.882,-2.289,8.206,0.075,-0.248,0.041,NORMAL,NORMAL,NORMAL
1045,2026-09-29T16:15:00.002991,28.8,1013.52,-2.28,-0.81,-2.327,8.29,0.075,-0.251,0.03,NORMAL,NORMAL,NORMAL
1046,2026-09-29T16:15:01.004773,28.78,1013.68,-3.55,-0.801,-2.264,8.21,0.06,-0.232,0.05,NORMAL,NORMAL,NORMAL
1047,2026-09-29T16:15:02.006740,29.01,1013.7,-3.77,-0.868,-2.254,8.12,0.071,-0.218,0.031,NORMAL,NORMAL,NORMAL
1048,2026-09-29T16:15:03.012580,28.87,1013.8,-4.56,-0.882,-2.251,8.108,0.062,-0.221,0.051,NORMAL,NORMAL,NORMAL
1049,2026-09-29T16:15:04.014570,28.57,1013.35,-0.84,-0.936,-2.152,8.068,0.049,-0.215,0.043,NORMAL,NORMAL,NORMAL
1050,2026-09-29T16:15:05.016324,28.3,1013.42,-1.43,-0.863,-2.236,8.0,0.039,-0.231,0.037,NORMAL,NORMAL,NORMAL
1051,2026-09-29T16:15:06.018400,28.37,1013.03,1.79,-0.825,-2.331,8.047,0.055,-0.222,0.026,NORMAL,NORMAL,NORMAL
1052,2026-09-29T16:15:07.020505,28.38,1013.32,-0.56,-0.756,-2.376,8.011,0.048,-0.204,0.033,NORMAL,NORMAL,NORMAL
1053,2026-09-29T16:15:08.022866,28.43,1013.34,-0.75,-0.696,-2.379,7.948,0.058,-0.187,0.034,NORMAL,NORMAL,NORMAL
1054,2026-09-29T16:15:09.025625,28.33,1013.43,-1.49,-0.755,-2.441,8.007,0.07,-0.182,0.03,NORMAL,NORMAL,NORMAL
1055,2026-09-29T16:15:10.027123,28.25,1013.36,-0.95,-0.665,-2.521,8.052,0.067,-0.177,0.023,NORMAL,NORMAL,NORMAL
1056,2026-09-29T16:15:11.029226,28.21,1013.64,-3.24,-0.74,-2.482,8.081,0.078,-0.194,0.006,NORMAL,NORMAL,NORMAL
1057,2026-09-29T16:15:12.030347,28.17,1013.75,-4.18,-0.798,-2.551,8.044,0.094,-0.204,0.012,NORMAL,NORMAL,NORMAL
1058,2026-09-29T16:15:13.031756,28.15,1013.9,-5.38,-0.813,-2.475,8.079,0.086,-0.206,0.029,NORMAL,NORMAL,NORMAL
1059,2026-09-29T16:15:14.034266,28.36,1013.92,-5.57,-0.886,-2.453,8.174,0.075,-0.187,0.02,NORMAL,NORMAL,NORMAL
1060,2026-09-29T16:15:15.035695,28.07,1013.63,-3.15,-0.816,-2.487,8.074,0.093,-0.204,0.011,NORMAL,NORMAL,NORMAL
1061,2026-09-29T16:15:16.037135,27.88,1013.53,-2.29,-0.903,-2.434,7.976,0.098,-0.185,0.023,NORMAL,NORMAL,NORMAL
1062,2026-09-29T16:15:17.039799,28.15,1013.22,0.23,-0.93,-2.364,8.056,0.104,-0.202,0.029,NORMAL,NORMAL,NORMAL
1063,2026-09-29T16:15:18.045839,28.13,1013.16,0.75,-0.866,-2.365,8.082,0.119,-0.218,0.02,NORMAL,NORMAL,NORMAL
1064,2026-09-29T16:15:19.048184,27.87,1013.43,-1.48,-0.845,-2.415,8.051,0.125,-0.236,0.019,NORMAL,NORMAL,NORMAL
1065,2026-09-29T16:15:20.049948,27.65,1013.0,2.05,-0.842,-2.354,8.06,0.112,-0.231,0.031,NORMAL,NORMAL,NORMAL
1066,2026-09-29T16:15:21.053436,27.75,1013.12,1.12,-0.799,-2.3,7.973,0.11,-0.231,0.018,NORMAL,NORMAL,NORMAL
1067,2026-09-29T16:15:22.055374,27.73,1012.77,3.97,-0.776,-2.366,7.957,0.126,-0.251,0.013,NORMAL,NORMAL,NORMAL
1068,2026-09-29T16:15:23.058639,27.87,1200.0,6.7,-0.744,-2.4,7.919,0.145,-0.256,0.01,NORMAL,CRITICAL,NORMAL
1069,2026-09-29T16:15:24.060860,28.06,1200.0,9.44,-0.798,-2.381,7.906,0.162,-0.264,-0.002,NORMAL,CRITICAL,NORMAL
1070,2026-09-29T16:15:25.062545,28.01,1200.0,5.53,-0.757,-2.397,7.915,0.146,-0.283,-0.019,NORMAL,CRITICAL,NORMAL
1071,2026-09-29T16:15:26.064878,28.08,1200.0,8.81,-0.754,-2.3,7.9,0.132,-0.288,-0.002,NORMAL,CRITICAL,NORMAL
1072,2026-09-29T16:15:27.066991,27.96,1200.0,11.31,-0.838,-2.376,7.842,0.151,-0.27,0.015,NORMAL,CRITICAL,NORMAL
1073,2026-09-29T16:15:28.068893,28.23,1012.3,7.9,-0.785,-2.343,7.826,0.154,-0.272,0.003,NORMAL,NORMAL,NORMAL
1074,2026-09-29T16:15:29.070269,28.38,1011.84,11.78,-0.711,-2.35,7.922,0.171,-0.266,0.017,NORMAL,NORMAL,NORMAL
1075,2026-09-29T16:15:30.071743,28.32,1011.82,11.92,-0.715,-2.434,7.925,0.168,-0.257,0.006,NORMAL,NORMAL,NORMAL
1076,2026-09-29T16:15:31.073110,28.18,1011.53,14.31,-0.729,-2.34,7.881,0.161,-0.268,-0.008,NORMAL,NORMAL,NORMAL
1077,2026-09-29T16:15:32.075068,28.31,1011.33,15.97,-0.719,-2.347,7.944,0.144,-0.252,-0.008,NORMAL,NORMAL,NORMAL
1078,2026-09-29T16:15:33.077388,28.35,1011.51,14.51,-0.81,-2.296,7.931,0.154,-0.233,0.009,NORMAL,NORMAL,NORMAL
1079,2026-09-29T16:15:34.080105,28.26,1011.36,15.75,-0.782,-2.357,7.929,0.145,-0.249,0.027,NORMAL,NORMAL,NORMAL
1080,2026-09-29T16:15:35.081732,28.16,1011.24,16.79,-0.846,-2.315,7.938,0.152,-0.248,0.041,NORMAL,NORMAL,NORMAL
1081,2026-09-29T16:15:36.083411,28.11,1010.92,19.45,-0.767,-2.284,7.98,0.142,-0.234,0.054,NORMAL,NORMAL,NORMAL
1082,2026-09-29T16:15:37.085968,28.2,1010.6,22.08,-0.809,-2.269,8.039,0.156,-0.226,0.06,NORMAL,NORMAL,NORMAL
1083,2026-09-29T16:15:38.087599,28.26,1010.28,24.77,-0.793,-2.311,7.979,0.171,-0.226,0.067,NORMAL,NORMAL,NORMAL
1084,2026-09-29T16:15:39.089139,28.12,1010.55,22.5,-0.749,-2.339,7.909,0.169,-0.227,0.056,NORMAL,NORMAL,NORMAL
1085,2026-09-29T16:15:40.091185,27.86,1010.36,24.06,-0.832,-2.264,7.91,0.181,-0.209,0.069,NORMAL,NORMAL,NORMAL
1086,2026-09-29T16:15:41.093268,27.93,1010.47,23.17,-0.735,-2.192,7.818,0.192,-0.22,0.073,NORMAL,NORMAL,NORMAL
1087,2026-09-29T16:15:42.094856,28.11,1010.09,26.32,-0.7,-2.229,7.856,0.182,-0.231,0.06,NORMAL,NORMAL,NORMAL
1088,2026-09-29T16:15:43.096690,28.18,1009.6,30.43,-0.682,-2.152,7.916,0.202,-0.228,0.057,NORMAL,NORMAL,NORMAL
1089,2026-09-29T16:15:44.098627,28.1,1009.2,33.74,-0.596,-2.251,7.869,0.191,-0.222,0.065,NORMAL,NORMAL,NORMAL
1090,2026-09-29T16:15:45.100486,27.93,1009.12,34.45,-0.668,-2.159,7.844,0.192,-0.229,0.062,NORMAL,NORMAL,NORMAL
1091,2026-09-29T16:15:46.101788,28.08,1009.17,33.98,-0.687,-2.147,7.783,0.193,-0.234,0.042,NORMAL,NORMAL,NORMAL
1092,2026-09-29T16:15:47.103914,27.98,1009.63,30.21,-0.715,-2.134,7.731,0.174,-0.226,0.035,NORMAL,NORMAL,NORMAL
1093,2026-09-29T16:15:48.106358,28.22,1009.46,31.62,-0.721,-2.12,7.787,0.181,-0.223,0.035,NORMAL,NORMAL,NORMAL
1094,2026-09-29T16:15:49.108029,28.11,1009.71,29.49,-0.634,-2.027,7.852,0.169,-0.219,0.052,NORMAL,NORMAL,NORMAL
1095,2026-09-29T16:15:50.110636,27.9,,,-0.547,-1.959,7.849,0.16,-0.231,0.034,NORMAL,SENSOR_FAILURE,NORMAL
1096,2026-09-29T16:15:51.111709,27.91,,,-0.555,-2.03,7.937,0.149,-0.227,0.043,NORMAL,SENSOR_FAILURE,NORMAL
1097,2026-09-29T16:15:52.114588,28.03,,,-0.641,-2.001,7.927,0.143,-0.243,0.055,NORMAL,SENSOR_FAILURE,NORMAL
1098,2026-09-29T16:15:53.116695,27.83,,,-0.733,-2.097,7.996,0.131,-0.238,0.057,NORMAL,SENSOR_FAILURE,NORMAL
1099,2026-09-29T16:15:54.118371,27.93,,,-0.771,-2.127,7.904,0.135,-0.248,0.072,NORMAL,SENSOR_FAILURE,NORMAL
1100,2026-09-29T16:15:55.120012,27.98,1008.96,35.8,-0.673,-2.222,7.961,0.128,-0.261,0.061,NORMAL,NORMAL,NORMAL
1101,2026-09-29T16:15:56.121375,28.23,1008.94,35.97,-0.598,-2.208,7.934,0.121,-0.26,0.078,NORMAL,NORMAL,NORMAL
1102,2026-09-29T16:15:57.124430,28.39,1008.82,36.98,-0.586,-2.156,7.903,0.113,-0.276,0.077,NORMAL,NORMAL,NORMAL
1103,2026-09-29T16:15:58.128778,28.38,1008.92,36.1,-0.633,-2.22,7.847,0.1,-0.294,0.079,NORMAL,NORMAL,NORMAL
1104,2026-09-29T16:15:59.131049,28.53,1008.98,35.57,-0.664,-2.311,7.782,0.081,-0.299,0.063,NORMAL,NORMAL,NORMAL
1105,2026-09-29T16:16:00.132861,28.59,1008.74,37.6,-0.595,-2.342,7.857,0.064,-0.286,0.069,NORMAL,NORMAL,NORMAL
1106,2026-09-29T16:16:01.134349,28.52,1009.12,34.46,-0.506,-2.248,7.865,0.083,-0.289,0.064,NORMAL,NORMAL,NORMAL
1107,2026-09-29T16:16:02.137577,28.7,1008.77,37.33,-0.483,-2.291,7.834,0.069,-0.298,0.063,NORMAL,NORMAL,NORMAL
1108,2026-09-29T16:16:03.139972,28.79,1008.46,39.97,-0.447,-2.28,7.912,0.07,-0.298,0.061,NORMAL,NORMAL,NORMAL
1109,2026-09-29T16:16:04.145623,28.94,1008.92,36.14,-0.407,-2.375,7.99,0.073,-0.288,0.055,NORMAL,NORMAL,NORMAL
1110,2026-09-29T16:16:05.148327,29.01,1009.09,34.73,-0.478,-2.351,7.991,0.069,-0.295,0.066,NORMAL,NORMAL,NORMAL
1111,2026-09-29T16:16:06.150096,28.82,1009.51,31.18,-0.486,-2.276,7.993,0.067,-0.288,0.083,NORMAL,NORMAL,NORMAL
1112,2026-09-29T16:16:07.152440,28.54,1009.34,32.62,-0.398,-2.177,7.924,0.056,-0.295,0.073,NORMAL,NORMAL,NORMAL
1113,2026-09-29T16:16:08.153974,28.29,1009.36,32.41,-0.3,-2.099,8.018,0.053,-0.295,0.064,NORMAL,NORMAL,NORMAL
1114,2026-09-29T16:16:09.156104,28.51,1009.55,30.87,-0.251,-2.175,7.949,0.054,-0.284,0.061,NORMAL,NORMAL,NORMAL
1115,2026-09-29T16:16:10.158116,28.58,1010.04,26.77,-0.311,-2.092,7.873,0.034,-0.282,0.079,NORMAL,NORMAL,NORMAL
1116,2026-09-29T16:16:11.160929,28.33,1009.66,29.96,-0.378,-2.175,7.834,0.025,-0.273,0.063,NORMAL,NORMAL,NORMAL
1117,2026-09-29T16:16:12.162663,28.24,1009.54,30.97,-0.347,-2.161,7.931,0.029,-0.269,0.08,NORMAL,NORMAL,NORMAL
1118,2026-09-29T16:16:13.164217,28.44,1009.64,30.08,-0.315,-2.162,7.903,0.025,-0.288,0.095,NORMAL,NORMAL,NORMAL
1119,2026-09-29T16:16:14.166051,28.65,1009.18,33.95,-0.246,-2.242,7.912,0.019,-0.298,0.077,NORMAL,NORMAL,NORMAL
1120,2026-09-29T16:16:15.168079,28.47,1008.68,38.1,-0.301,-2.247,7.94,0.008,-0.284,0.081,NORMAL,NORMAL,NORMAL
1121,2026-09-29T16:16:16.169231,28.69,1008.7,37.94,-0.244,-2.233,8.012,0.026,-0.265,0.078,NORMAL,NORMAL,NORMAL
1122,2026-09-29T16:16:17.170865,28.79,1008.3,41.3,-0.307,-2.149,8.011,0.018,-0.271,0.095,NORMAL,NORMAL,NORMAL
1123,2026-09-29T16:16:18.172545,28.62,1008.76,37.42,-0.332,-2.205,7.953,0.024,-0.282,0.103,NORMAL,NORMAL,NORMAL
1124,2026-09-29T16:16:19.174385,28.49,1009.09,34.72,-0.295,-2.211,8.0,0.014,-0.279,0.087,NORMAL,NORMAL,NORMAL
1125,2026-09-29T16:16:20.177816,28.61,1009.41,32.0,-0.335,-2.233,8.059,0.014,-0.296,0.093,NORMAL,NORMAL,NORMAL
1126,2026-09-29T16:16:21.179512,28.49,1009.46,31.56,-0.347,-2.192,8.054,0.028,-0.282,0.075,NORMAL,NORMAL,NORMAL
1127,2026-09-29T16:16:22.180965,28.24,1009.18,33.97,-0.311,-2.213,8.122,0.039,-0.283,0.085,NORMAL,NORMAL,NORMAL
1128,2026-09-29T16:16:23.182680,28.28,1009.38,32.29,-0.318,-2.19,8.063,0.057,-0.273,0.094,NORMAL,NORMAL,NORMAL
1129,2026-09-29T16:16:24.184002,28.44,1009.64,30.14,-0.294,-2.148,8.153,0.074,-0.287,0.084,NORMAL,NORMAL,NORMAL
1130,2026-09-29T16:16:25.185144,28.2,1009.82,28.61,-0.323,-2.127,8.089,0.067,-0.295,0.086,NORMAL,NORMAL,NORMAL
1131,2026-09-29T16:16:26.186551,27.91,1009.88,28.1,-0.385,-2.197,8.088,0.071,-0.295,0.071,NORMAL,NORMAL,NORMAL
1132,2026-09-29T16:16:27.188129,27.77,1010.13,26.04,-0.425,-2.175,8.027,0.054,-0.309,0.054,NORMAL,NORMAL,NORMAL
1133,2026-09-29T16:16:28.189516,27.81,1010.14,25.92,-0.382,-2.21,7.995,0.056,-0.305,0.07,NORMAL,NORMAL,NORMAL
1134,2026-09-29T16:16:29.192710,27.85,1200.0,23.35,-0.389,-2.293,8.007,0.059,-0.309,0.085,NORMAL,CRITICAL,NORMAL
1135,2026-09-29T16:16:30.194757,27.85,1200.0,21.07,-0.411,-2.253,8.069,0.065,-0.328,0.096,NORMAL,CRITICAL,NORMAL
1136,2026-09-29T16:16:31.195878,27.99,1200.0,17.81,-0.323,-2.314,8.061,0.078,-0.341,0.104,NORMAL,CRITICAL,NORMAL
1137,2026-09-29T16:16:32.196730,28.11,1200.0,13.76,-0.325,-2.332,8.001,0.063,-0.322,0.105,NORMAL,CRITICAL,NORMAL
1138,2026-09-29T16:16:33.198020,28.33,1200.0,13.83,-0.36,-2.388,7.951,0.069,-0.334,0.099,NORMAL,CRITICAL,NORMAL
1139,2026-09-29T16:16:34.202213,28.13,1011.11,17.87,-0.348,-2.319,7.977,0.067,-0.318,0.088,NORMAL,NORMAL,NORMAL
1140,2026-09-29T16:16:35.204952,27.87,1011.58,13.92,-0.328,-2.381,7.936,0.057,-0.327,0.079,NORMAL,NORMAL,NORMAL
1141,2026-09-29T16:16:36.209757,27.73,1011.76,12.44,-0.278,-2.286,7.891,0.051,-0.321,0.074,NORMAL,NORMAL,NORMAL
1142,2026-09-29T16:16:37.210905,27.58,1011.7,12.94,-0.341,-2.296,7.814,0.068,-0.332,0.089,NORMAL,NORMAL,NORMAL
1143,2026-09-29T16:16:38.213831,27.54,1011.81,12.01,-0.264,-2.294,7.859,0.079,-0.345,0.074,NORMAL,NORMAL,NORMAL
1144,2026-09-29T16:16:39.216067,27.34,1012.18,8.91,-0.353,-2.382,7.886,0.083,-0.328,0.085,NORMAL,NORMAL,NORMAL
1145,2026-09-29T16:16:40.218322,27.28,1012.54,5.88,-0.355,-2.451,7.946,0.064,-0.337,0.093,NORMAL,NORMAL,NORMAL
1146,2026-09-29T16:16:41.220007,27.52,1012.11,9.47,-0.259,-2.408,7.862,0.046,-0.327,0.107,NORMAL,NORMAL,NORMAL
1147,2026-09-29T16:16:42.221278,27.51,1012.19,8.8,-0.205,-2.493,7.781,0.062,-0.32,0.097,NORMAL,NORMAL,NORMAL
1148,2026-09-29T16:16:43.222446,27.26,1012.32,7.71,-0.111,-2.427,7.701,0.057,-0.335,0.079,NORMAL,NORMAL,NORMAL
1149,2026-09-29T16:16:44.225111,27.07,1012.58,5.56,-0.072,-2.494,7.651,0.062,-0.345,0.069,NORMAL,NORMAL,NORMAL
1150,2026-09-29T16:16:45.227316,27.24,1012.15,9.16,-0.168,-2.508,7.681,0.065,-0.359,0.08,NORMAL,NORMAL,NORMAL
1151,2026-09-29T16:16:46.228943,27.2,1012.51,6.17,-0.096,-2.591,7.701,0.072,-0.366,0.066,NORMAL,NORMAL,NORMAL
1152,2026-09-29T16:16:47.230563,27.37,1012.6,5.43,-0.156,-2.642,7.743,0.073,-0.356,0.066,NORMAL,NORMAL,NORMAL
1153,2026-09-29T16:16:48.232859,27.23,1012.74,4.23,-0.128,-2.684,7.682,0.063,-0.356,0.082,NORMAL,NORMAL,NORMAL
1154,2026-09-29T16:16:49.234483,27.01,1013.16,0.73,-0.037,-2.776,7.622,0.082,-0.368,0.087,NORMAL,NORMAL,NORMAL
1155,2026-09-29T16:16:50.236381,27.29,1013.2,0.39,-0.027,-2.788,7.605,0.082,-0.38,0.076,NORMAL,NORMAL,NORMAL
1156,2026-09-29T16:16:51.238174,27.14,1013.54,-2.44,0.043,-2.88,7.683,0.101,-0.384,0.067,NORMAL,NORMAL,NORMAL
1157,2026-09-29T16:16:52.240583,26.92,1013.42,-1.4,0.082,-2.886,7.721,0.119,-0.368,0.047,NORMAL,NORMAL,NORMAL
1158,2026-09-29T16:16:53.244305,27.14,1013.02,1.92,0.162,-2.849,7.657,0.138,-0.348,0.048,NORMAL,NORMAL,NORMAL
1159,2026-09-29T16:16:54.246997,27.04,1013.03,1.82,0.097,-2.946,7.673,0.139,-0.353,0.039,NORMAL,NORMAL,NORMAL
1160,2026-09-29T16:16:55.248873,26.99,1013.13,1.01,0.173,-2.961,7.741,0.135,-0.371,0.024,NORMAL,NORMAL,NORMAL
1161,2026-09-29T16:16:56.251666,26.85,1013.43,-1.51,0.091,-2.935,7.702,0.131,-0.387,0.013,NORMAL,NORMAL,NORMAL
1162,2026-09-29T16:16:57.253724,26.63,1013.04,1.76,-0.003,-2.981,7.737,0.148,-0.403,-0.003,NORMAL,NORMAL,NORMAL
1163,2026-09-29T16:16:58.256319,26.79,1013.22,0.29,0.089,-2.903,7.705,0.167,-0.419,0.0,NORMAL,NORMAL,NORMAL
1164,2026-09-29T16:16:59.259283,26.63,1012.85,3.31,20.0,20.0,20.0,0.165,-0.436,-0.013,NORMAL,NORMAL,CRITICAL
1165,2026-09-29T16:17:00.261387,26.37,1013.27,-0.14,20.0,20.0,20.0,0.177,-0.435,-0.017,NORMAL,NORMAL,CRITICAL
1166,2026-09-29T16:17:01.264149,26.09,1012.98,2.22,20.0,20.0,20.0,0.165,-0.452,-0.019,NORMAL,NORMAL,CRITICAL
1167,2026-09-29T16:17:02.267232,26.34,1013.15,0.82,20.0,20.0,20.0,0.172,-0.468,-0.022,NORMAL,NORMAL,CRITICAL
1168,2026-09-29T16:17:03.270098,26.47,1012.72,4.37,20.0,20.0,20.0,0.184,-0.465,-0.003,NORMAL,NORMAL,CRITICAL
1169,2026-09-29T16:17:04.273441,26.75,1012.84,3.43,0.031,-2.867,8.011,0.188,-0.455,-0.008,NORMAL,NORMAL,NORMAL
1170,2026-09-29T16:17:05.275440,26.98,1013.31,-0.46,-0.053,-2.808,8.001,0.197,-0.438,-0.022,NORMAL,NORMAL,NORMAL
1171,2026-09-29T16:17:06.277895,27.27,1012.81,3.64,0.02,-2.725,8.003,0.19,-0.442,-0.034,NORMAL,NORMAL,NORMAL
1172,2026-09-29T16:17:07.280963,27.06,1012.63,5.15,0.113,-2.67,7.938,0.175,-0.436,-0.024,NORMAL,NORMAL,NORMAL
1173,2026-09-29T16:17:08.282880,27.2,1012.6,5.42,0.115,-2.671,7.95,0.176,-0.448,-0.039,NORMAL,NORMAL,NORMAL
1174,2026-09-29T16:17:09.285242,27.48,1012.57,5.63,0.093,-2.577,7.988,0.184,-0.453,-0.052,NORMAL,NORMAL,NORMAL
1175,2026-09-29T16:17:10.288607,27.29,1012.86,3.23,0.095,-2.61,7.907,0.179,-0.439,-0.05,NORMAL,NORMAL,NORMAL
1176,2026-09-29T16:17:11.291854,27.18,1012.52,6.11,0.037,-2.658,7.861,0.171,-0.445,-0.038,NORMAL,NORMAL,NORMAL
1177,2026-09-29T16:17:12.294936,27.28,1012.58,5.54,0.112,-2.681,7.892,0.173,-0.457,-0.031,NORMAL,NORMAL,NORMAL
1178,2026-09-29T16:17:13.298464,27.38,1012.45,6.7,0.024,-2.642,7.923,0.19,-0.46,-0.027,NORMAL,NORMAL,NORMAL
1179,2026-09-29T16:17:14.302064,27.49,1012.1,9.56,0.105,-2.683,7.89,0.19,-0.475,-0.034,NORMAL,NORMAL,NORMAL
1180,2026-09-30T09:18:38.265306,24.3,1013.31,-0.53,-0.152,-0.058,9.743,0.054,-0.015,-0.018,NORMAL,NORMAL,NORMAL
1181,2026-09-30T09:18:39.267213,24.27,1013.2,0.43,-0.128,0.037,9.696,0.052,-0.015,-0.025,NORMAL,NORMAL,NORMAL
1182,2026-09-30T09:18:40.268786,24.36,1012.89,3.02,-0.122,0.028,9.649,0.046,-0.021,-0.022,NORMAL,NORMAL,NORMAL
1183,2026-09-30T09:18:41.270096,24.08,1013.31,-0.49,-0.095,-0.069,9.597,0.061,-0.038,-0.017,NORMAL,NORMAL,NORMAL
1184,2026-09-30T09:18:42.272555,24.14,1013.57,-2.68,-0.017,-0.126,9.536,0.053,-0.036,-0.031,NORMAL,NORMAL,NORMAL
1185,2026-09-30T09:18:43.274991,24.27,1013.23,0.13,-0.053,-0.09,9.591,0.043,-0.032,-0.02,NORMAL,NORMAL,NORMAL
1186,2026-09-30T09:18:44.277006,24.11,1012.74,4.22,-0.081,-0.001,9.508,0.038,-0.032,-0.034,NORMAL,NORMAL,NORMAL
1187,2026-09-30T09:18:45.279705,23.92,1012.67,4.83,-0.142,-0.054,9.424,0.021,-0.014,-0.048,NORMAL,NORMAL,NORMAL
1188,2026-09-30T09:18:46.281262,23.77,1013.09,1.32,-0.085,-0.004,9.384,0.014,-0.032,-0.047,NORMAL,NORMAL,NORMAL
1189,2026-09-30T09:18:47.282896,24.02,1013.06,1.55,-0.1,-0.02,9.403,0.021,-0.022,-0.057,NORMAL,NORMAL,NORMAL
1190,2026-09-30T09:18:48.284736,23.87,1013.34,-0.77,-0.005,0.047,9.369,0.011,-0.035,-0.055,NORMAL,NORMAL,NORMAL
1191,2026-09-30T09:18:49.287702,23.89,1013.51,-2.15,0.046,0.122,9.436,0.005,-0.03,-0.045,NORMAL,NORMAL,NORMAL
1192,2026-09-30T09:18:50.289431,24.14,1013.06,1.55,0.124,0.074,9.401,-0.003,-0.017,-0.061,NORMAL,NORMAL,NORMAL
1193,2026-09-30T09:18:51.291580,23.89,1013.12,1.11,0.191,0.165,9.409,-0.002,-0.016,-0.059,NORMAL,NORMAL,NORMAL
1194,2026-09-30T09:18:52.293464,23.67,1013.55,-2.46,0.237,0.161,9.31,-0.001,0.002,-0.069,NORMAL,NORMAL,NORMAL
1195,2026-09-30T09:18:53.295134,23.74,1013.88,-5.23,0.307,0.083,9.389,0.002,-0.001,-0.08,NORMAL,NORMAL,NORMAL
1196,2026-09-30T09:18:54.298196,23.64,1014.01,-6.29,0.344,0.051,9.32,-0.016,0.015,-0.072,NORMAL,NORMAL,NORMAL
1197,2026-09-30T09:18:55.299764,23.92,1014.03,-6.48,0.367,0.059,9.286,-0.004,0.006,-0.082,NORMAL,NORMAL,NORMAL
1198,2026-09-30T09:18:56.301099,23.94,1014.27,-8.48,0.283,0.151,9.246,0.011,-0.005,-0.099,NORMAL,NORMAL,NORMAL
1199,2026-09-30T09:18:57.303388,23.83,1013.99,-6.14,0.264,0.119,9.278,0.018,-0.001,-0.087,NORMAL,NORMAL,NORMAL
1200,2026-09-30T09:18:58.305758,24.01,1014.48,-10.26,0.334,0.053,9.366,0.02,-0.001,-0.092,NORMAL,NORMAL,NORMAL
1201,2026-09-30T09:18:59.307538,23.76,1014.2,-7.93,0.425,0.037,9.303,0.027,0.003,-0.096,NORMAL,NORMAL,NORMAL
1202,2026-09-30T09:19:00.308708,23.53,1014.37,-9.29,0.39,-0.022,9.232,0.043,-0.012,-0.09,NORMAL,NORMAL,NORMAL
1203,2026-09-30T09:19:01.310295,23.64,1014.11,-7.14,0.431,0.018,9.282,0.056,-0.009,-0.101,NORMAL,NORMAL,NORMAL
1204,2026-09-30T09:19:02.312895,23.86,1014.24,-8.25,,,,,,,NORMAL,NORMAL,SENSOR_FAILURE
1205,2026-09-30T09:19:03.313824,23.6,1014.22,-8.07,,,,,,,NORMAL,NORMAL,SENSOR_FAILURE
1206,2026-09-30T09:19:04.315686,23.65,1014.41,-9.64,,,,,,,NORMAL,NORMAL,SENSOR_FAILURE
1207,2026-09-30T09:19:05.317063,23.82,1014.05,-6.65,,,,,,,NORMAL,NORMAL,SENSOR_FAILURE
1208,2026-09-30T09:19:06.317950,23.72,1013.55,-2.53,,,,,,,NORMAL,NORMAL,SENSOR_FAILURE
1209,2026-09-30T09:19:07.320276,23.84,1013.21,0.35,0.217,0.112,9.07,0.035,-0.015,-0.107,NORMAL,NORMAL,NORMAL
1210,2026-09-30T09:19:08.321774,23.82,1013.38,-1.12,0.174,0.194,9.067,0.053,-0.011,-0.126,NORMAL,NORMAL,NORMAL
1211,2026-09-30T09:19:09.323122,23.83,1012.94,2.59,0.108,0.117,9.055,0.065,-0.006,-0.132,NORMAL,NORMAL,NORMAL
1212,2026-09-30T09:19:10.325006,23.7,1013.17,0.69,0.021,0.031,8.996,0.051,-0.001,-0.122,NORMAL,NORMAL,NORMAL
1213,2026-09-30T09:33:39.331685,24.85,1012.59,5.48,-0.18,-0.005,9.665,-0.05,0.024,0.003,NORMAL,NORMAL,NORMAL
1214,2026-09-30T09:33:40.333241,24.64,1012.71,4.48,-0.109,0.014,9.694,-0.038,0.032,0.019,NORMAL,NORMAL,NORMAL
1215,2026-09-30T09:33:41.334128,24.58,1013.1,1.27,-0.017,0.111,9.675,-0.028,0.015,0.008,NORMAL,NORMAL,NORMAL
1216,2026-09-30T09:33:42.335169,24.78,1013.36,-0.92,-0.055,0.018,9.665,-0.025,0.032,0.016,NORMAL,NORMAL,NORMAL
1217,2026-09-30T09:33:43.337164,24.71,1013.12,1.11,-0.061,0.015,9.616,-0.033,0.02,0.006,NORMAL,NORMAL,NORMAL
1218,2026-09-30T09:33:44.340033,24.9,1012.64,5.1,-0.042,0.061,9.713,-0.019,0.018,-0.002,NORMAL,NORMAL,NORMAL
1219,2026-09-30T09:33:45.341829,24.69,1012.95,2.53,-0.093,0.132,9.731,-0.009,0.004,-0.007,NORMAL,NORMAL,NORMAL
1220,2026-09-30T09:33:46.344141,24.65,1013.07,1.53,-0.051,0.055,9.702,-0.023,0.022,0.011,NORMAL,NORMAL,NORMAL
1221,2026-09-30T09:33:47.346866,24.36,1013.3,-0.38,-0.062,-0.019,9.682,-0.021,0.008,0.029,NORMAL,NORMAL,NORMAL
1222,2026-09-30T09:33:48.348642,24.41,1012.83,3.5,0.012,0.073,9.765,-0.024,0.022,0.028,NORMAL,NORMAL,NORMAL
1223,2026-09-30T09:33:49.350393,24.49,1013.28,-0.25,0.033,0.123,9.852,-0.021,0.042,0.033,NORMAL,NORMAL,NORMAL
1224,2026-09-30T09:33:50.353416,24.4,1012.99,2.18,-0.064,0.174,9.781,-0.021,0.034,0.025,NORMAL,NORMAL,NORMAL
1225,2026-09-30T09:33:51.355713,24.3,1012.82,3.62,-0.138,0.263,9.834,-0.01,0.022,0.045,NORMAL,NORMAL,NORMAL
1226,2026-09-30T09:33:52.359397,24.06,1012.76,4.08,-0.175,0.212,9.792,-0.027,0.041,0.055,NORMAL,NORMAL,NORMAL
1227,2026-09-30T09:33:53.361756,24.13,1012.33,7.67,-0.243,0.113,9.7,-0.023,0.057,0.037,NORMAL,NORMAL,NORMAL
1228,2026-09-30T09:33:54.364902,24.1,1011.92,11.11,-0.172,0.043,9.649,-0.008,0.074,0.033,NORMAL,NORMAL,NORMAL
1229,2026-09-30T09:33:55.366895,24.17,1012.09,9.67,-0.144,0.013,9.662,-0.005,0.075,0.03,NORMAL,NORMAL,NORMAL
1230,2026-09-30T09:33:56.368913,24.08,1011.74,12.56,-0.129,0.104,9.73,0.004,0.055,0.045,NORMAL,NORMAL,NORMAL
1231,2026-09-30T09:33:57.369829,24.17,1011.95,10.8,-0.063,0.104,9.71,0.023,0.047,0.027,NORMAL,NORMAL,NORMAL
1232,2026-09-30T09:33:58.371253,24.24,1012.29,8.03,0.034,0.115,9.757,0.041,0.053,0.047,NORMAL,NORMAL,NORMAL
1233,2026-09-30T09:33:59.372821,24.4,1012.14,9.28,0.002,0.145,9.845,0.034,0.048,0.05,NORMAL,NORMAL,NORMAL
1234,2026-09-30T09:34:00.374309,24.14,1012.55,5.85,0.007,0.156,9.932,0.025,0.057,0.056,NORMAL,NORMAL,NORMAL
1235,2026-09-30T09:34:01.376532,24.41,1013.0,2.12,-0.085,0.173,9.876,0.008,0.059,0.074,NORMAL,NORMAL,NORMAL
1236,2026-09-30T09:34:02.378463,24.46,1012.8,3.72,-0.059,0.141,9.924,0.015,0.06,0.056,NORMAL,NORMAL,NORMAL
1237,2026-09-30T09:34:03.380306,24.3,1012.98,2.29,-0.063,0.118,9.894,0.035,0.064,0.061,NORMAL,NORMAL,NORMAL
1238,2026-09-30T09:34:04.385815,24.17,1012.84,3.37,-0.155,0.159,9.813,0.027,0.069,0.071,NORMAL,NORMAL,NORMAL
1239,2026-09-30T09:34:05.387805,24.27,1013.19,0.47,-0.216,0.239,9.713,0.012,0.063,0.056,NORMAL,NORMAL,NORMAL
1240,2026-09-30T09:34:06.391400,24.3,1012.84,3.39,-0.286,0.206,9.694,0.018,0.046,0.07,NORMAL,NORMAL,NORMAL
1241,2026-09-30T09:34:07.394397,24.38,1012.82,3.56,-0.285,0.229,9.668,0.019,0.027,0.086,NORMAL,NORMAL,NORMAL
1242,2026-09-30T09:34:08.399736,24.42,1012.4,7.04,-0.199,0.269,9.606,0.019,0.039,0.081,NORMAL,NORMAL,NORMAL
1243,2026-09-30T09:34:09.401754,24.33,1012.01,10.37,-0.243,0.247,9.657,0.002,0.044,0.091,NORMAL,NORMAL,NORMAL
1244,2026-09-30T09:34:10.406129,24.53,1011.81,12.01,-0.188,0.163,9.606,-0.008,0.042,0.104,NORMAL,NORMAL,NORMAL
1245,2026-09-30T09:48:38.273824,24.7,1012.96,2.4,-0.174,-0.192,9.918,0.022,0.028,-0.03,NORMAL,NORMAL,NORMAL
1246,2026-09-30T09:48:39.276191,24.65,1012.48,6.4,-0.14,-0.19,9.887,0.023,0.047,-0.029,NORMAL,NORMAL,NORMAL
1247,2026-09-30T09:48:40.277963,24.78,1012.78,3.94,-0.114,-0.235,9.938,0.028,0.045,-0.03,NORMAL,NORMAL,NORMAL
1248,2026-09-30T09:48:41.283817,24.54,1012.49,6.3,-0.031,-0.283,10.006,0.046,0.027,-0.018,NORMAL,NORMAL,NORMAL
1249,2026-09-30T09:48:42.285985,24.74,1012.37,7.29,0.007,-0.332,9.971,0.056,0.028,-0.031,NORMAL,NORMAL,NORMAL
1250,2026-09-30T09:48:43.289473,24.63,1012.5,6.24,0.032,-0.269,9.871,0.07,0.013,-0.015,NORMAL,NORMAL,NORMAL
1251,2026-09-30T09:48:44.291331,24.91,1012.32,7.74,0.087,-0.208,9.815,0.09,0.011,-0.008,NORMAL,NORMAL,NORMAL
1252,2026-09-30T09:48:45.293636,25.2,1012.01,10.36,0.1,-0.159,9.792,0.092,0.022,0.0,NORMAL,NORMAL,NORMAL
1253,2026-09-30T09:48:46.296037,25.13,1011.55,14.2,0.064,-0.131,9.762,0.088,0.024,-0.018,NORMAL,NORMAL,NORMAL
1254,2026-09-30T09:48:47.299153,24.98,1012.04,10.11,0.006,-0.165,9.718,0.073,0.021,-0.012,NORMAL,NORMAL,NORMAL
1255,2026-09-30T09:48:48.300859,25.2,1012.07,9.83,0.057,-0.241,9.804,0.08,0.021,-0.027,NORMAL,NORMAL,NORMAL
1256,2026-09-30T09:48:49.302189,25.32,1012.14,9.29,0.117,-0.319,9.745,0.098,0.001,-0.044,NORMAL,NORMAL,NORMAL
1257,2026-09-30T09:48:50.305041,25.59,1012.4,7.1,0.041,-0.255,9.828,0.099,-0.011,-0.048,NORMAL,NORMAL,NORMAL
1258,2026-09-30T09:48:51.307388,25.66,1012.53,6.0,-0.03,-0.18,9.841,0.084,-0.01,-0.04,NORMAL,NORMAL,NORMAL
1259,2026-09-30T09:48:52.310747,25.7,1012.37,7.31,-0.005,-0.24,9.852,0.077,-0.005,-0.023,NORMAL,NORMAL,NORMAL
1260,2026-09-30T09:48:53.315467,25.72,1012.32,7.71,-0.065,-0.292,9.791,0.088,0.008,-0.012,NORMAL,NORMAL,NORMAL
1261,2026-09-30T09:48:54.318539,25.47,1012.54,5.89,-0.078,-0.246,9.74,0.101,0.006,0.003,NORMAL,NORMAL,NORMAL
1262,2026-09-30T09:48:55.321980,25.38,1012.14,9.21,-0.147,-0.195,9.773,0.117,0.024,-0.014,NORMAL,NORMAL,NORMAL
1263,2026-09-30T09:48:56.323625,25.13,1012.42,6.9,-0.114,-0.294,9.828,0.137,0.032,-0.025,NORMAL,NORMAL,NORMAL
1264,2026-09-30T09:48:57.325495,25.06,1012.51,6.2,-0.098,-0.246,9.846,0.121,0.016,-0.016,NORMAL,NORMAL,NORMAL
1265,2026-09-30T09:48:58.328206,25.28,1012.95,2.51,-0.02,-0.253,9.775,0.107,0.021,-0.01,NORMAL,NORMAL,NORMAL
1266,2026-09-30T09:48:59.330473,25.31,1013.29,-0.33,-0.051,-0.338,9.688,0.127,0.029,-0.026,NORMAL,NORMAL,NORMAL
1267,2026-09-30T09:49:00.331837,25.52,1013.71,-3.83,0.041,-0.393,9.599,0.136,0.011,-0.024,NORMAL,NORMAL,NORMAL
1268,2026-09-30T09:49:01.333937,25.64,1200.0,0.27,,,,,,,NORMAL,CRITICAL,SENSOR_FAILURE
1269,2026-09-30T09:49:02.335630,25.66,1200.0,1.4,,,,,,,NORMAL,CRITICAL,SENSOR_FAILURE
1270,2026-09-30T09:49:03.337341,25.75,1200.0,-0.76,,,,,,,NORMAL,CRITICAL,SENSOR_FAILURE
1271,2026-09-30T09:49:04.339238,25.51,1200.0,-2.53,,,,,,,NORMAL,CRITICAL,SENSOR_FAILURE
1272,2026-09-30T09:49:05.341850,25.41,1200.0,-2.19,,,,,,,NORMAL,CRITICAL,SENSOR_FAILURE
1273,2026-09-30T09:49:06.345083,25.52,1013.17,0.62,-0.029,-0.583,9.436,0.064,0.014,0.03,NORMAL,NORMAL,NORMAL
1274,2026-09-30T09:49:07.348488,25.27,1013.35,-0.87,0.07,-0.493,9.503,0.045,-0.004,0.046,NORMAL,NORMAL,NORMAL
1275,2026-09-30T09:49:08.349785,25.24,1013.1,1.23,0.142,-0.449,9.483,0.055,-0.022,0.036,NORMAL,NORMAL,NORMAL
1276,2026-09-30T09:49:09.351822,25.15,1013.0,2.12,0.083,-0.414,9.474,0.049,-0.039,0.025,NORMAL,NORMAL,NORMAL
1277,2026-09-30T09:49:10.353607,24.88,1012.72,4.4,0.115,-0.498,9.408,0.047,-0.024,0.04,NORMAL,NORMAL,NORMAL
1278,2026-09-30T09:49:11.354993,24.9,1013.06,1.55,0.213,-0.577,9.405,0.029,-0.03,0.051,NORMAL,NORMAL,NORMAL
1279,2026-09-30T09:49:12.357188,25.11,1013.18,0.58,0.182,-0.508,9.466,0.033,-0.019,0.034,NORMAL,NORMAL,NORMAL
1280,2026-09-30T09:49:13.358668,25.05,1013.62,-3.08,0.097,-0.451,9.473,0.016,-0.027,0.051,NORMAL,NORMAL,NORMAL
1281,2026-09-30T09:49:14.359990,25.25,1013.52,-2.21,0.044,-0.424,9.524,0.032,-0.011,0.069,NORMAL,NORMAL,NORMAL
1282,2026-09-30T09:49:15.361932,25.48,1013.03,1.82,-0.04,-0.367,9.579,0.017,-0.029,0.064,NORMAL,NORMAL,NORMAL
1283,2026-09-30T09:49:16.363833,25.22,1013.27,-0.19,0.043,-0.422,9.603,0.023,-0.029,0.06,NORMAL,NORMAL,NORMAL
1284,2026-09-30T09:49:17.365832,25.39,1012.97,2.3,0.015,-0.408,9.539,0.004,-0.015,0.067,NORMAL,NORMAL,NORMAL
1285,2026-09-30T09:49:18.368339,25.42,1012.78,3.93,-0.067,-0.498,9.536,-0.008,-0.001,0.055,NORMAL,NORMAL,NORMAL
1286,2026-09-30T09:49:19.369814,25.15,1012.69,4.7,-0.064,-0.439,9.442,-0.021,0.017,0.041,NORMAL,NORMAL,NORMAL
1287,2026-09-30T09:49:20.371724,25.04,1012.32,7.73,-0.028,-0.346,9.404,-0.022,0.013,0.047,NORMAL,NORMAL,NORMAL
1288,2026-09-30T09:49:21.374084,25.23,1012.65,5.0,-0.127,-0.302,9.434,-0.004,0.019,0.059,NORMAL,NORMAL,NORMAL
1289,2026-09-30T09:49:22.375241,25.39,1013.0,2.11,-0.164,-0.338,9.533,0.008,0.028,0.076,NORMAL,NORMAL,NORMAL
1290,2026-09-30T09:49:23.377923,25.43,1013.3,-0.43,-0.229,-0.289,9.457,-0.003,0.018,0.065,NORMAL,NORMAL,NORMAL
1291,2026-09-30T09:49:24.380974,25.43,1013.47,-1.84,-0.202,-0.231,9.461,0.002,0.007,0.051,NORMAL,NORMAL,NORMAL
1292,2026-09-30T09:49:25.383107,25.38,1013.03,1.87,-0.147,-0.293,9.506,-0.005,-0.001,0.045,NORMAL,NORMAL,NORMAL
1293,2026-09-30T09:49:26.385208,25.62,1013.04,1.75,-0.093,-0.375,9.411,0.009,0.001,0.042,NORMAL,NORMAL,NORMAL
1294,2026-09-30T09:49:27.387320,25.51,1013.14,0.89,-0.153,-0.297,9.333,0.029,-0.001,0.055,NORMAL,NORMAL,NORMAL
1295,2026-09-30T09:49:28.388786,25.53,1013.22,0.22,-0.179,-0.21,9.317,0.031,-0.019,0.037,NORMAL,NORMAL,NORMAL
1296,2026-09-30T09:49:29.390223,25.32,1013.3,-0.41,-0.262,-0.131,9.285,0.05,-0.023,0.048,NORMAL,NORMAL,NORMAL
1297,2026-09-30T09:49:30.393238,25.37,1013.37,-1.02,-0.2,-0.048,9.317,0.045,-0.042,0.054,NORMAL,NORMAL,NORMAL
1298,2026-09-30T09:49:31.394582,25.61,1013.39,-1.18,-0.298,-0.062,9.221,0.039,-0.033,0.04,NORMAL,NORMAL,NORMAL
1299,2026-09-30T09:49:32.396283,25.68,1013.47,-1.85,-0.367,-0.042,9.259,0.027,-0.017,0.021,NORMAL,NORMAL,NORMAL
1300,2026-09-30T09:49:33.397774,25.59,1013.23,0.19,-0.318,-0.055,9.176,0.024,-0.024,0.025,NORMAL,NORMAL,NORMAL
1301,2026-09-30T09:49:34.399208,25.29,1013.16,0.77,-0.349,-0.118,9.131,0.009,-0.04,0.03,NORMAL,NORMAL,NORMAL
1302,2026-09-30T09:49:35.401029,25.42,1012.99,2.15,-0.249,-0.045,9.099,0.003,-0.041,0.019,NORMAL,NORMAL,NORMAL
1303,2026-09-30T09:49:36.402965,25.68,1013.38,-1.1,-0.197,-0.115,9.161,-0.005,-0.035,0.009,NORMAL,NORMAL,NORMAL
1304,2026-09-30T09:49:37.404890,25.73,1013.81,-4.69,-0.184,-0.179,9.239,0.008,-0.037,0.005,NORMAL,NORMAL,NORMAL
1305,2026-09-30T09:49:38.407994,25.68,1013.36,-0.9,-0.263,-0.157,9.263,-0.005,-0.04,0.008,NORMAL,NORMAL,NORMAL
1306,2026-09-30T09:49:39.410908,25.5,1012.89,3.0,-0.303,-0.088,9.327,-0.01,-0.048,0.013,NORMAL,NORMAL,NORMAL
1307,2026-09-30T09:49:40.413124,25.5,1012.4,7.11,-0.392,-0.103,9.396,-0.005,-0.046,0.033,NORMAL,NORMAL,NORMAL
1308,2026-09-30T09:49:41.417512,70.0,1012.31,7.82,-0.392,-0.003,9.416,-0.016,-0.036,0.044,CRITICAL,NORMAL,NORMAL
1309,2026-09-30T09:49:42.420733,70.0,1011.89,11.32,-0.34,0.075,9.323,-0.02,-0.025,0.047,CRITICAL,NORMAL,NORMAL
1310,2026-09-30T09:49:43.422691,70.0,1011.42,15.21,-0.374,0.083,9.418,-0.039,-0.021,0.034,CRITICAL,NORMAL,NORMAL
1311,2026-09-30T09:49:44.423676,70.0,1011.69,13.01,-0.436,0.068,9.438,-0.052,-0.018,0.034,CRITICAL,NORMAL,NORMAL
1312,2026-09-30T09:49:45.425453,70.0,1011.77,12.3,-0.535,-0.001,9.398,-0.039,-0.028,0.029,CRITICAL,NORMAL,NORMAL
1313,2026-09-30T09:49:46.428450,26.16,1012.02,10.27,-0.608,0.006,9.488,-0.047,-0.046,0.013,NORMAL,NORMAL,NORMAL
1314,2026-09-30T09:49:47.429964,26.42,1012.31,7.87,-0.607,-0.042,9.566,-0.061,-0.03,0.016,NORMAL,NORMAL,NORMAL
1315,2026-09-30T09:49:48.431653,26.65,1012.14,9.24,-0.587,-0.132,9.57,-0.066,-0.035,0.004,NORMAL,NORMAL,NORMAL
1316,2026-09-30T09:49:49.435351,26.5,1012.0,10.41,-0.658,-0.134,9.502,-0.071,-0.02,0.022,NORMAL,NORMAL,NORMAL
1317,2026-09-30T09:49:50.436713,26.62,1011.83,11.79,-0.585,-0.157,9.435,-0.085,-0.002,0.024,NORMAL,NORMAL,NORMAL
1318,2026-09-30T09:49:51.438588,26.75,1011.55,14.19,-0.634,-0.195,9.399,-0.087,0.016,0.019,NORMAL,NORMAL,NORMAL
1319,2026-09-30T09:49:52.441774,26.55,1011.64,13.38,-0.596,-0.218,9.344,-0.091,0.018,0.016,NORMAL,NORMAL,NORMAL
1320,2026-09-30T09:49:53.443893,26.69,1011.69,12.96,-0.574,-0.276,9.355,-0.075,0.021,0.001,NORMAL,NORMAL,NORMAL
1321,2026-09-30T09:49:54.446034,26.53,1011.98,10.58,-0.555,-0.356,9.363,-0.07,0.015,-0.011,NORMAL,NORMAL,NORMAL
1322,2026-09-30T09:49:55.448084,26.61,1011.89,11.37,-0.581,-0.294,9.276,-0.077,0.013,-0.025,NORMAL,NORMAL,NORMAL
1323,2026-09-30T09:49:56.451198,26.43,1011.55,14.19,-0.547,-0.21,9.373,-0.091,0.011,-0.017,NORMAL,NORMAL,NORMAL
1324,2026-09-30T09:49:57.453167,26.68,1011.9,11.25,-0.484,-0.302,9.401,-0.078,-0.003,0.001,NORMAL,NORMAL,NORMAL
1325,2026-09-30T09:49:58.455395,26.58,1011.78,12.21,-0.429,-0.37,9.497,-0.076,-0.016,-0.015,NORMAL,NORMAL,NORMAL
1326,2026-09-30T09:49:59.458364,26.5,1011.53,14.35,-0.438,-0.424,9.458,-0.075,-0.026,-0.029,NORMAL,NORMAL,NORMAL
1327,2026-09-30T09:50:00.461080,26.31,1011.12,17.73,-0.478,-0.45,9.544,-0.056,-0.039,-0.041,NORMAL,NORMAL,NORMAL
1328,2026-09-30T09:50:01.463920,26.24,1011.35,15.87,-0.386,-0.408,9.617,-0.074,-0.033,-0.033,NORMAL,NORMAL,NORMAL
1329,2026-09-30T09:50:02.468499,26.23,1011.6,13.75,-0.428,-0.503,9.686,-0.073,-0.051,-0.03,NORMAL,NORMAL,NORMAL
1330,2026-09-30T09:50:03.470090,25.97,1011.76,12.42,-0.429,-0.557,9.771,-0.074,-0.035,-0.05,NORMAL,NORMAL,NORMAL
1331,2026-09-30T09:50:04.472034,26.0,1012.15,9.13,-0.331,-0.492,9.76,-0.06,-0.033,-0.07,NORMAL,NORMAL,NORMAL
1332,2026-09-30T09:50:05.473554,26.04,1012.13,9.37,-0.352,-0.52,9.687,-0.064,-0.034,-0.085,NORMAL,NORMAL,NORMAL
1333,2026-09-30T09:50:06.475347,25.77,1012.27,8.18,-0.31,-0.583,9.729,-0.08,-0.053,-0.077,NORMAL,NORMAL,NORMAL
1334,2026-09-30T09:50:07.476955,25.7,1012.36,7.39,-0.391,-0.563,9.777,-0.086,-0.07,-0.077,NORMAL,NORMAL,NORMAL
1335,2026-09-30T09:50:08.478650,25.46,1012.67,4.84,-0.37,-0.545,9.761,-0.07,-0.055,-0.061,NORMAL,NORMAL,NORMAL
1336,2026-09-30T09:50:09.480087,25.63,1013.08,1.45,-0.398,-0.499,9.701,-0.086,-0.049,-0.072,NORMAL,NORMAL,NORMAL
1337,2026-09-30T09:50:10.482069,25.86,1012.82,3.54,-0.468,-0.499,9.689,-0.086,-0.031,-0.09,NORMAL,NORMAL,NORMAL
1338,2026-09-30T09:50:11.483802,25.61,1012.78,3.95,-0.519,-0.414,9.644,-0.098,-0.045,-0.085,NORMAL,NORMAL,NORMAL
1339,2026-09-30T09:50:12.486120,25.7,1012.66,4.89,-0.433,-0.439,9.707,-0.115,-0.039,-0.093,NORMAL,NORMAL,NORMAL
1340,2026-09-30T09:50:13.488417,25.66,1012.98,2.22,-0.447,-0.448,9.671,-0.134,-0.039,-0.084,NORMAL,NORMAL,NORMAL
1341,2026-09-30T09:50:14.490614,25.73,1012.59,5.47,-0.42,-0.429,9.586,-0.127,-0.02,-0.094,NORMAL,NORMAL,NORMAL
1342,2026-09-30T09:50:15.492023,25.49,1012.21,8.69,-0.37,-0.377,9.531,-0.126,-0.001,-0.105,NORMAL,NORMAL,NORMAL
1343,2026-09-30T09:50:16.493613,25.77,1011.86,11.59,-0.315,-0.279,9.54,-0.126,0.014,-0.085,NORMAL,NORMAL,NORMAL
1344,2026-09-30T09:50:17.495166,25.55,1011.94,10.89,-0.322,-0.345,9.635,-0.125,-0.003,-0.093,NORMAL,NORMAL,NORMAL
1345,2026-09-30T09:50:18.498630,25.35,1011.9,11.22,-0.33,-0.406,9.586,-0.14,0.015,-0.081,NORMAL,NORMAL,NORMAL
1346,2026-09-30T09:50:19.502819,,,,-0.302,-0.42,9.498,-0.129,0.008,-0.099,SENSOR_FAILURE,SENSOR_FAILURE,NORMAL
1347,2026-09-30T09:50:20.504189,,,,-0.255,-0.337,9.422,-0.137,0.002,-0.081,SENSOR_FAILURE,SENSOR_FAILURE,NORMAL
1348,2026-09-30T09:50:21.506661,,,,-0.251,-0.349,9.49,-0.121,-0.014,-0.084,SENSOR_FAILURE,SENSOR_FAILURE,NORMAL
1349,2026-09-30T09:50:22.507876,,,,-0.175,-0.378,9.434,-0.136,-0.007,-0.089,SENSOR_FAILURE,SENSOR_FAILURE,NORMAL
1350,2026-09-30T09:50:23.510057,,,,-0.108,-0.453,9.516,-0.125,-0.011,-0.095,SENSOR_FAILURE,SENSOR_FAILURE,NORMAL
1351,2026-09-30T09:50:24.512974,25.76,1012.15,9.2,-0.162,-0.49,9.605,-0.134,-0.022,-0.084,NORMAL,NORMAL,NORMAL
1352,2026-09-30T09:50:25.515921,26.03,1012.17,9.01,-0.172,-0.42,9.62,-0.136,-0.032,-0.07,NORMAL,NORMAL,NORMAL
1353,2026-09-30T09:50:26.519250,26.11,1012.1,9.57,-0.219,-0.408,9.686,-0.129,-0.042,-0.069,NORMAL,NORMAL,NORMAL
1354,2026-09-30T09:50:27.521222,25.91,1012.53,5.96,-0.188,-0.38,9.714,-0.136,-0.044,-0.074,NORMAL,NORMAL,NORMAL
1355,2026-09-30T09:50:28.522703,26.17,1012.58,5.56,-0.181,-0.427,9.757,-0.148,-0.041,-0.065,NORMAL,NORMAL,NORMAL
1356,2026-09-30T09:50:29.524261,26.43,1012.59,5.49,-0.094,-0.409,9.79,-0.143,-0.061,-0.08,NORMAL,NORMAL,NORMAL
1357,2026-09-30T09:50:30.526490,26.54,1012.96,2.43,-0.088,-0.335,9.847,-0.137,-0.05,-0.096,NORMAL,NORMAL,NORMAL
1358,2026-09-30T09:50:31.529074,26.43,1012.74,4.22,-0.139,-0.406,9.777,-0.128,-0.055,-0.113,NORMAL,NORMAL,NORMAL
1359,2026-09-30T09:50:32.530987,26.43,1013.24,0.08,-0.213,-0.399,9.829,-0.125,-0.05,-0.098,NORMAL,NORMAL,NORMAL
1360,2026-09-30T09:50:33.534055,26.54,1013.54,-2.45,-0.144,-0.374,9.823,-0.143,-0.039,-0.081,NORMAL,NORMAL,NORMAL
1361,2026-09-30T09:50:34.536093,26.8,1013.11,1.14,-0.05,-0.392,9.734,-0.13,-0.032,-0.062,NORMAL,NORMAL,NORMAL
1362,2026-09-30T09:50:35.537982,26.89,1012.95,2.49,-0.078,-0.399,9.791,-0.124,-0.051,-0.057,NORMAL,NORMAL,NORMAL
1363,2026-09-30T09:50:36.539845,26.84,1013.45,-1.66,-0.149,-0.466,9.805,-0.106,-0.07,-0.053,NORMAL,NORMAL,NORMAL
1364,2026-09-30T09:50:37.542606,27.11,1013.61,-2.99,-0.072,-0.442,9.779,-0.106,-0.079,-0.061,NORMAL,NORMAL,NORMAL
1365,2026-09-30T09:50:38.544413,27.32,1013.93,-5.67,-0.124,-0.369,9.711,-0.124,-0.091,-0.051,NORMAL,NORMAL,NORMAL
1366,2026-09-30T09:50:39.546126,27.45,1013.6,-2.93,-0.069,-0.335,9.673,-0.107,-0.081,-0.04,NORMAL,NORMAL,NORMAL
1367,2026-09-30T09:50:40.548296,27.51,1013.76,-4.23,-0.111,-0.3,9.712,-0.105,-0.095,-0.029,NORMAL,NORMAL,NORMAL
1368,2026-09-30T09:50:41.549963,27.57,1013.31,-0.46,-0.116,-0.238,9.804,-0.095,-0.106,-0.014,NORMAL,NORMAL,NORMAL
1369,2026-09-30T09:50:42.551716,27.27,1013.66,-3.42,-0.174,-0.283,9.864,-0.078,-0.1,0.002,NORMAL,NORMAL,NORMAL
1370,2026-09-30T09:50:43.554409,27.35,1013.85,-4.97,-0.241,-0.362,9.844,-0.07,-0.088,0.019,NORMAL,NORMAL,NORMAL
1371,2026-09-30T09:50:44.556182,27.24,1014.06,-6.75,-0.271,-0.351,9.762,-0.065,-0.077,0.034,NORMAL,NORMAL,NORMAL
1372,2026-09-30T09:50:45.557709,27.35,1014.46,-10.03,-0.192,-0.368,9.673,-0.081,-0.067,0.042,NORMAL,NORMAL,NORMAL
1373,2026-09-30T09:50:46.559513,27.32,1014.18,-7.75,-0.228,-0.465,9.725,-0.064,-0.065,0.026,NORMAL,NORMAL,NORMAL
1374,2026-09-30T09:50:47.561578,27.33,1014.53,-10.66,-0.304,-0.404,9.747,-0.068,-0.082,0.022,NORMAL,NORMAL,NORMAL
1375,2026-09-30T09:50:48.563567,27.23,1015.02,-14.72,-0.24,-0.434,9.784,-0.06,-0.068,0.042,NORMAL,NORMAL,NORMAL
1376,2026-09-30T09:50:49.565454,27.1,1015.17,-15.97,20.0,20.0,20.0,-0.045,-0.081,0.062,NORMAL,NORMAL,CRITICAL
1377,2026-09-30T09:50:50.566616,27.12,1014.71,-12.16,20.0,20.0,20.0,-0.062,-0.075,0.064,NORMAL,NORMAL,CRITICAL
1378,2026-09-30T09:50:51.568815,27.31,1014.71,-12.19,20.0,20.0,20.0,-0.074,-0.075,0.075,NORMAL,NORMAL,CRITICAL
1379,2026-09-30T09:50:52.570743,27.24,1015.16,-15.85,20.0,20.0,20.0,-0.083,-0.058,0.071,NORMAL,NORMAL,CRITICAL
1380,2026-09-30T09:50:53.572491,27.34,1015.64,-19.87,20.0,20.0,20.0,-0.091,-0.071,0.08,NORMAL,NORMAL,CRITICAL
1381,2026-09-30T09:50:54.576784,27.61,1015.89,-21.94,-0.552,-0.552,9.756,-0.072,-0.058,0.073,NORMAL,NORMAL,NORMAL
1382,2026-09-30T09:50:55.579106,27.66,1015.92,-22.2,-0.475,-0.519,9.808,-0.067,-0.051,0.075,NORMAL,NORMAL,NORMAL
1383,2026-09-30T09:50:56.582409,27.94,1015.91,-22.11,-0.501,-0.574,9.737,-0.087,-0.065,0.076,NORMAL,NORMAL,NORMAL
1384,2026-09-30T09:50:57.587014,27.72,1015.49,-18.64,-0.46,-0.619,9.687,-0.074,-0.061,0.062,NORMAL,NORMAL,NORMAL
1385,2026-09-30T09:50:58.588823,28.0,1015.77,-20.98,-0.376,-0.673,9.712,-0.083,-0.07,0.063,NORMAL,NORMAL,NORMAL
1386,2026-09-30T09:50:59.591206,27.75,1015.65,-19.95,-0.429,-0.686,9.662,-0.094,-0.081,0.048,NORMAL,NORMAL,NORMAL
1387,2026-09-30T09:51:00.592842,27.75,1015.86,-21.68,-0.431,-0.689,9.579,-0.094,-0.083,0.058,NORMAL,NORMAL,NORMAL
1388,2026-09-30T09:51:01.594095,27.99,1016.11,-23.8,-0.491,-0.771,9.623,-0.096,-0.074,0.064,NORMAL,NORMAL,NORMAL
1389,2026-09-30T09:51:02.597122,28.22,1016.31,-25.47,-0.504,-0.698,9.606,-0.112,-0.072,0.066,NORMAL,NORMAL,NORMAL
1390,2026-09-30T09:51:03.599912,28.16,1015.85,-21.66,-0.408,-0.69,9.561,-0.119,-0.084,0.075,NORMAL,NORMAL,NORMAL
1391,2026-09-30T09:51:04.601833,28.42,1015.99,-22.82,-0.412,-0.769,9.484,-0.121,-0.094,0.063,NORMAL,NORMAL,NORMAL
1392,2026-09-30T09:51:05.603272,28.16,1016.05,-23.25,-0.363,-0.695,9.572,-0.128,-0.079,0.053,NORMAL,NORMAL,NORMAL
1393,2026-09-30T09:51:06.604648,28.33,1015.91,-22.14,-0.379,-0.602,9.52,-0.128,-0.095,0.035,NORMAL,NORMAL,NORMAL
1394,2026-09-30T09:51:07.606855,28.26,1015.98,-22.69,-0.429,-0.693,9.496,-0.126,-0.106,0.043,NORMAL,NORMAL,NORMAL
1395,2026-09-30T09:51:08.608758,28.01,1016.01,-22.93,-0.483,-0.6,9.398,-0.13,-0.107,0.054,NORMAL,NORMAL,NORMAL
1396,2026-09-30T09:51:09.611128,27.88,1016.45,-26.6,-0.461,-0.576,9.479,-0.12,-0.107,0.062,NORMAL,NORMAL,NORMAL
1397,2026-09-30T09:51:10.613374,27.87,1016.56,-27.53,-0.489,-0.642,9.398,-0.134,-0.112,0.081,NORMAL,NORMAL,NORMAL
1398,2026-09-30T09:51:11.616065,27.81,1016.27,-25.14,-0.491,-0.603,9.357,-0.137,-0.101,0.088,NORMAL,NORMAL,NORMAL
1399,2026-09-30T09:51:12.617706,28.06,1016.42,-26.37,-0.444,-0.519,9.403,-0.121,-0.112,0.093,NORMAL,NORMAL,NORMAL
1400,2026-09-30T09:51:13.619446,28.23,1016.72,-28.84,-0.43,-0.423,9.485,-0.127,-0.124,0.079,NORMAL,NORMAL,NORMAL
1401,2026-09-30T09:51:14.621346,28.02,1016.36,-25.86,-0.504,-0.389,9.483,-0.112,-0.141,0.065,NORMAL,NORMAL,NORMAL
1402,2026-09-30T09:51:15.623117,27.74,1015.97,-22.6,-0.412,-0.434,9.422,-0.114,-0.128,0.071,NORMAL,NORMAL,NORMAL
1403,2026-09-30T09:51:16.625140,27.53,1016.33,-25.65,-0.401,-0.446,9.45,-0.1,-0.131,0.065,NORMAL,NORMAL,NORMAL
1404,2026-09-30T09:51:17.627322,27.75,1016.06,-23.33,-0.379,-0.543,9.503,-0.114,-0.133,0.081,NORMAL,NORMAL,NORMAL
1405,2026-09-30T09:51:18.630584,27.57,1016.28,-25.17,-0.403,-0.473,9.5,-0.106,-0.138,0.071,NORMAL,NORMAL,NORMAL
1406,2026-09-30T09:51:19.633954,70.0,1015.85,-21.66,-0.481,-0.504,9.524,-0.088,-0.152,0.059,CRITICAL,NORMAL,NORMAL
1407,2026-09-30T09:51:20.635673,70.0,1016.29,-25.28,-0.494,-0.46,9.581,-0.073,-0.159,0.042,CRITICAL,NORMAL,NORMAL
1408,2026-09-30T09:51:21.641045,70.0,1016.75,-29.08,-0.585,-0.447,9.618,-0.092,-0.148,0.043,CRITICAL,NORMAL,NORMAL
1409,2026-09-30T09:51:22.641976,70.0,1016.29,-25.31,-0.67,-0.488,9.706,-0.081,-0.151,0.052,CRITICAL,NORMAL,NORMAL
1410,2026-09-30T09:51:23.643604,70.0,1016.27,-25.1,-0.741,-0.578,9.779,-0.082,-0.137,0.05,CRITICAL,NORMAL,NORMAL
1411,2026-09-30T09:51:24.645662,28.26,1016.26,-25.02,-0.828,-0.59,9.693,-0.093,-0.145,0.037,NORMAL,NORMAL,NORMAL
1412,2026-09-30T09:51:25.647860,27.97,1016.5,-27.04,-0.809,-0.588,9.713,-0.079,-0.144,0.032,NORMAL,NORMAL,NORMAL
1413,2026-09-30T09:51:26.649555,28.03,1016.47,-26.79,-0.747,-0.618,9.676,-0.067,-0.13,0.036,NORMAL,NORMAL,NORMAL
1414,2026-09-30T09:51:27.651730,27.88,1016.95,-30.73,-0.837,-0.555,9.749,-0.051,-0.148,0.045,NORMAL,NORMAL,NORMAL
1415,2026-09-30T09:51:28.655264,27.72,1016.51,-27.08,-0.865,-0.574,9.814,-0.067,-0.138,0.058,NORMAL,NORMAL,NORMAL
1416,2026-09-30T09:51:29.657548,27.46,1016.26,-25.0,-0.935,-0.598,9.84,-0.083,-0.132,0.06,NORMAL,NORMAL,NORMAL
1417,2026-09-30T09:51:30.659008,27.46,1016.28,-25.19,-1.006,-0.517,9.813,-0.068,-0.127,0.067,NORMAL,NORMAL,NORMAL
1418,2026-09-30T09:51:31.660277,27.2,1015.84,-21.55,-0.938,-0.434,9.815,-0.085,-0.143,0.049,NORMAL,NORMAL,NORMAL
1419,2026-09-30T09:51:32.661736,27.45,1015.87,-21.77,-0.984,-0.364,9.853,-0.09,-0.158,0.048,NORMAL,NORMAL,NORMAL
1420,2026-09-30T09:51:33.662745,27.41,1015.62,-19.74,-0.926,-0.362,9.914,-0.071,-0.172,0.035,NORMAL,NORMAL,NORMAL
1421,2026-09-30T09:51:34.663913,27.65,1015.58,-19.38,-0.989,-0.352,9.879,-0.065,-0.169,0.043,NORMAL,NORMAL,NORMAL
1422,2026-09-30T09:51:35.666525,27.69,1015.71,-20.44,-1.052,-0.427,9.937,-0.054,-0.167,0.027,NORMAL,NORMAL,NORMAL
1423,2026-09-30T09:51:36.668840,27.72,1015.64,-19.89,-1.031,-0.479,9.873,-0.039,-0.162,0.022,NORMAL,NORMAL,NORMAL
1424,2026-09-30T09:51:37.675951,27.47,1015.42,-18.09,-1.109,-0.574,9.868,-0.022,-0.155,0.039,NORMAL,NORMAL,NORMAL
1425,2026-09-30T09:51:38.678153,27.51,1015.32,-17.18,-1.037,-0.57,9.95,-0.02,-0.166,0.059,NORMAL,NORMAL,NORMAL
1426,2026-09-30T09:51:39.680155,27.29,1015.11,-15.47,-1.083,-0.559,9.855,-0.031,-0.167,0.074,NORMAL,NORMAL,NORMAL
1427,2026-09-30T09:51:40.683037,27.15,1015.51,-18.82,-1.122,-0.473,9.936,-0.037,-0.167,0.078,NORMAL,NORMAL,NORMAL
1428,2026-09-30T09:51:41.684687,27.18,1015.84,-21.57,-1.194,-0.455,9.942,-0.034,-0.157,0.084,NORMAL,NORMAL,NORMAL
1429,2026-09-30T09:51:42.687481,27.25,1016.21,-24.58,-1.264,-0.522,10.03,-0.03,-0.148,0.098,NORMAL,NORMAL,NORMAL
1430,2026-09-30T09:51:43.688879,26.99,1016.69,-28.59,-1.269,-0.522,9.948,-0.025,-0.147,0.114,NORMAL,NORMAL,NORMAL
1431,2026-09-30T09:51:44.690866,26.74,1016.28,-25.21,-1.342,-0.534,9.873,-0.037,-0.135,0.112,NORMAL,NORMAL,NORMAL
1432,2026-09-30T09:51:45.692080,26.72,1016.19,-24.44,-1.44,-0.446,9.932,-0.035,-0.13,0.111,NORMAL,NORMAL,NORMAL
1433,2026-09-30T09:51:46.694752,26.83,1016.49,-26.96,-1.522,-0.53,9.974,-0.042,-0.125,0.114,NORMAL,NORMAL,NORMAL
1434,2026-09-30T09:51:47.696620,27.09,1016.27,-25.12,-1.493,-0.526,10.052,-0.05,-0.107,0.125,NORMAL,NORMAL,NORMAL
1435,2026-09-30T09:51:48.699468,26.93,1015.9,-22.0,-1.545,-0.452,10.129,-0.036,-0.119,0.134,NORMAL,NORMAL,NORMAL
1436,2026-09-30T09:51:49.700871,26.82,1016.04,-23.2,-1.602,-0.49,10.15,-0.03,-0.136,0.124,NORMAL,NORMAL,NORMAL
1437,2026-09-30T09:51:50.702618,27.07,1015.67,-20.11,-1.521,-0.587,10.193,-0.035,-0.151,0.114,NORMAL,NORMAL,NORMAL
1438,2026-09-30T09:51:51.704505,26.98,1016.16,-24.19,-1.462,-0.531,10.22,-0.019,-0.168,0.103,NORMAL,NORMAL,NORMAL
1439,2026-09-30T09:51:52.707234,27.09,1016.4,-26.18,-1.551,-0.505,10.146,-0.034,-0.175,0.097,NORMAL,NORMAL,NORMAL
1440,2026-09-30T09:51:53.709068,27.38,1016.68,-28.54,-1.46,-0.479,10.204,-0.048,-0.18,0.101,NORMAL,NORMAL,NORMAL
1441,2026-09-30T09:51:54.711217,27.13,1016.54,-27.35,-1.461,-0.532,10.168,-0.05,-0.182,0.114,NORMAL,NORMAL,NORMAL
1442,2026-09-30T09:51:55.712559,27.3,1016.9,-30.35,-1.435,-0.609,10.109,-0.032,-0.189,0.109,NORMAL,NORMAL,NORMAL
1443,2026-09-30T09:51:56.715749,27.22,1016.79,-29.46,-1.472,-0.515,10.108,-0.021,-0.174,0.116,NORMAL,NORMAL,NORMAL
1444,2026-09-30T09:51:57.718056,27.04,1017.26,-33.37,-1.559,-0.566,10.066,-0.001,-0.157,0.104,NORMAL,NORMAL,NORMAL
1445,2026-09-30T09:51:58.720237,27.11,1016.84,-29.81,-1.638,-0.543,10.035,0.009,-0.168,0.111,NORMAL,NORMAL,NORMAL
1446,2026-09-30T09:51:59.722486,27.32,1016.93,-30.6,-1.703,-0.558,10.115,-0.005,-0.165,0.131,NORMAL,NORMAL,NORMAL
1447,2026-09-30T09:52:00.725272,27.29,1017.18,-32.7,-1.735,-0.504,10.083,0.006,-0.16,0.14,NORMAL,NORMAL,NORMAL
1448,2026-09-30T09:52:01.728502,27.27,1017.18,-32.64,,,,,,,NORMAL,NORMAL,SENSOR_FAILURE
1449,2026-09-30T09:52:02.729861,27.06,1017.15,-32.43,,,,,,,NORMAL,NORMAL,SENSOR_FAILURE
1450,2026-09-30T09:52:03.731952,26.91,1016.79,-29.39,,,,,,,NORMAL,NORMAL,SENSOR_FAILURE
1451,2026-09-30T09:52:04.734839,26.72,1016.42,-26.39,,,,,,,NORMAL,NORMAL,SENSOR_FAILURE
1452,2026-09-30T09:52:05.736370,26.85,1016.32,-25.53,,,,,,,NORMAL,NORMAL,SENSOR_FAILURE
1453,2026-09-30T09:52:06.739442,27.14,1015.92,-22.23,-1.771,-0.422,10.051,0.013,-0.144,0.099,NORMAL,NORMAL,NORMAL
1454,2026-09-30T09:52:07.741244,27.35,1016.0,-22.89,-1.739,-0.441,10.036,0.032,-0.162,0.097,NORMAL,NORMAL,NORMAL
1455,2026-09-30T09:52:08.744497,27.15,1015.66,-20.05,-1.782,-0.363,10.13,0.029,-0.181,0.098,NORMAL,NORMAL,NORMAL
1456,2026-09-30T09:52:09.746773,27.07,1015.64,-19.9,-1.716,-0.323,10.201,0.04,-0.194,0.09,NORMAL,NORMAL,NORMAL
1457,2026-09-30T09:52:10.749403,27.24,1015.9,-22.03,-1.809,-0.371,10.117,0.025,-0.205,0.103,NORMAL,NORMAL,NORMAL
1458,2026-09-30T09:52:11.751670,27.12,1015.78,-21.08,-1.759,-0.342,10.106,0.041,-0.205,0.112,NORMAL,NORMAL,NORMAL
1459,2026-09-30T09:52:12.754492,27.02,1015.43,-18.09,-1.688,-0.39,10.129,0.03,-0.217,0.123,NORMAL,NORMAL,NORMAL
1460,2026-09-30T09:52:13.756524,27.08,1015.02,-14.74,-1.63,-0.465,10.139,0.025,-0.225,0.14,NORMAL,NORMAL,NORMAL
1461,2026-09-30T09:52:14.759942,26.99,1015.05,-15.02,-1.73,-0.388,10.094,0.034,-0.229,0.154,NORMAL,NORMAL,NORMAL
1462,2026-09-30T09:52:15.762380,26.8,1014.96,-14.21,-1.786,-0.464,10.013,0.03,-0.21,0.141,NORMAL,NORMAL,NORMAL
1463,2026-09-30T09:52:16.764523,26.5,1015.38,-17.69,-1.694,-0.373,9.919,0.02,-0.222,0.124,NORMAL,NORMAL,NORMAL
1464,2026-09-30T09:52:17.767730,26.67,1015.51,-18.76,-1.776,-0.377,9.847,0.003,-0.225,0.124,NORMAL,NORMAL,NORMAL
1465,2026-09-30T09:52:18.770669,26.8,1015.74,-20.68,-1.678,-0.284,9.761,0.012,-0.233,0.115,NORMAL,NORMAL,NORMAL
1466,2026-09-30T09:52:19.774417,26.75,1015.46,-18.35,-1.588,-0.343,9.761,0.002,-0.235,0.129,NORMAL,NORMAL,NORMAL
1467,2026-09-30T09:52:20.777289,26.73,1015.22,-16.37,-1.501,-0.353,9.829,-0.013,-0.23,0.133,NORMAL,NORMAL,NORMAL
1468,2026-09-30T09:52:21.778948,26.47,1014.88,-13.6,-1.528,-0.372,9.884,-0.005,-0.244,0.139,NORMAL,NORMAL,NORMAL
1469,2026-09-30T09:52:22.780680,26.68,1014.87,-13.51,-1.485,-0.45,9.822,-0.012,-0.263,0.13,NORMAL,NORMAL,NORMAL
1470,2026-09-30T09:52:23.782528,26.85,1014.92,-13.89,-1.546,-0.47,9.888,-0.004,-0.268,0.136,NORMAL,NORMAL,NORMAL
1471,2026-09-30T09:52:24.785974,27.08,1014.52,-10.58,-1.592,-0.456,9.947,0.013,-0.249,0.137,NORMAL,NORMAL,NORMAL
1472,2026-09-30T09:52:25.788254,26.96,1014.23,-8.15,-1.551,-0.442,9.935,-0.001,-0.249,0.132,NORMAL,NORMAL,NORMAL
1473,2026-09-30T09:52:26.791692,27.05,1014.47,-10.18,-1.622,-0.422,10.026,0.002,-0.249,0.141,NORMAL,NORMAL,NORMAL
1474,2026-09-30T09:52:27.793490,27.28,1014.96,-14.22,-1.574,-0.487,9.981,-0.014,-0.251,0.15,NORMAL,NORMAL,NORMAL
1475,2026-09-30T09:52:28.796125,27.1,1014.48,-10.23,-1.673,-0.573,10.011,-0.018,-0.255,0.163,NORMAL,NORMAL,NORMAL
1476,2026-09-30T09:52:29.798315,27.06,1014.34,-9.06,-1.713,-0.651,9.959,0.0,-0.267,0.16,NORMAL,NORMAL,NORMAL
1477,2026-09-30T09:52:30.800424,26.95,1013.92,-5.57,-1.75,-0.701,9.904,-0.001,-0.286,0.157,NORMAL,NORMAL,NORMAL
1478,2026-09-30T09:52:31.802605,27.14,1013.89,-5.29,-1.738,-0.765,9.813,-0.018,-0.302,0.163,NORMAL,NORMAL,NORMAL
1479,2026-09-30T09:52:32.805420,27.12,1013.4,-1.23,-1.678,-0.784,9.823,-0.006,-0.289,0.166,NORMAL,NORMAL,NORMAL
1480,2026-09-30T09:52:33.808020,26.9,1013.11,1.15,-1.648,-0.877,9.838,-0.025,-0.274,0.159,NORMAL,NORMAL,NORMAL
1481,2026-09-30T09:52:34.811718,26.78,1012.83,3.48,20.0,20.0,20.0,-0.019,-0.257,0.165,NORMAL,NORMAL,CRITICAL
1482,2026-09-30T09:52:35.813375,26.51,1013.01,2.01,20.0,20.0,20.0,-0.013,-0.258,0.148,NORMAL,NORMAL,CRITICAL
1483,2026-09-30T09:52:36.814900,26.27,1012.77,3.97,20.0,20.0,20.0,0.006,-0.245,0.166,NORMAL,NORMAL,CRITICAL
1484,2026-09-30T09:52:37.816633,26.4,1013.26,-0.07,20.0,20.0,20.0,0.007,-0.256,0.182,NORMAL,NORMAL,CRITICAL
1485,2026-09-30T09:52:38.818449,26.5,1013.66,-3.38,20.0,20.0,20.0,0.02,-0.242,0.188,NORMAL,NORMAL,CRITICAL
1486,2026-09-30T09:52:39.821714,26.48,1013.98,-6.05,-1.522,-0.785,9.859,0.003,-0.227,0.185,NORMAL,NORMAL,NORMAL
1487,2026-09-30T09:52:40.827242,26.43,1013.52,-2.25,-1.504,-0.804,9.946,0.011,-0.232,0.197,NORMAL,NORMAL,NORMAL
1488,2026-09-30T09:52:41.830904,26.38,1013.17,0.66,-1.575,-0.85,9.893,-0.003,-0.215,0.208,NORMAL,NORMAL,NORMAL
1489,2026-09-30T09:52:42.834019,26.26,1013.66,-3.45,-1.528,-0.777,9.883,-0.002,-0.209,0.226,NORMAL,NORMAL,NORMAL
1490,2026-09-30T09:52:43.837063,26.32,1013.65,-3.34,-1.466,-0.837,9.786,0.018,-0.203,0.22,NORMAL,NORMAL,NORMAL
1491,2026-09-30T09:52:44.839137,26.24,1013.41,-1.37,-1.501,-0.893,9.699,0.031,-0.198,0.217,NORMAL,NORMAL,NORMAL
1492,2026-09-30T09:52:45.841114,26.22,1013.43,-1.5,-1.401,-0.857,9.664,0.032,-0.218,0.205,NORMAL,NORMAL,NORMAL
1493,2026-09-30T09:52:46.842853,26.51,1013.34,-0.72,-1.365,-0.877,9.691,0.015,-0.206,0.221,NORMAL,NORMAL,NORMAL
1494,2026-09-30T09:52:47.844622,26.53,1013.3,-0.38,-1.399,-0.849,9.647,0.023,-0.216,0.219,NORMAL,NORMAL,NORMAL
1495,2026-09-30T09:52:48.847010,26.68,1013.36,-0.91,-1.439,-0.782,9.555,0.039,-0.222,0.225,NORMAL,NORMAL,NORMAL
1496,2026-09-30T09:52:49.850514,26.81,1013.31,-0.46,-1.51,-0.827,9.611,0.049,-0.233,0.242,NORMAL,NORMAL,NORMAL
1497,2026-09-30T09:52:50.853278,26.9,1013.47,-1.85,-1.447,-0.756,9.681,0.033,-0.219,0.222,NORMAL,NORMAL,NORMAL
1498,2026-09-30T09:52:51.854824,27.04,1012.97,2.31,-1.449,-0.789,9.648,0.018,-0.237,0.211,NORMAL,NORMAL,NORMAL
1499,2026-09-30T09:52:52.857111,27.07,1013.32,-0.59,-1.508,-0.695,9.711,0.01,-0.235,0.209,NORMAL,NORMAL,NORMAL
1500,2026-09-30T09:52:53.860482,26.84,1012.83,3.52,-1.441,-0.748,9.636,0.028,-0.232,0.2,NORMAL,NORMAL,NORMAL
1501,2026-09-30T09:52:54.862223,26.74,1012.58,5.57,-1.371,-0.812,9.725,0.032,-0.243,0.198,NORMAL,NORMAL,NORMAL
1502,2026-09-30T09:52:55.864870,26.71,1012.66,4.87,-1.324,-0.805,9.715,0.025,-0.223,0.194,NORMAL,NORMAL,NORMAL
1503,2026-09-30T09:52:56.866358,26.89,1012.96,2.4,-1.34,-0.752,9.668,0.036,-0.235,0.209,NORMAL,NORMAL,NORMAL
1504,2026-09-30T09:52:57.868552,27.01,1012.74,4.22,-1.284,-0.754,9.591,0.028,-0.231,0.202,NORMAL,NORMAL,NORMAL
1505,2026-09-30T09:52:58.870378,27.13,1012.85,3.35,-1.3,-0.837,9.61,0.012,-0.225,0.205,NORMAL,NORMAL,NORMAL
1506,2026-09-30T09:52:59.871360,27.29,1013.13,1.04,-1.34,-0.831,9.69,0.013,-0.231,0.219,NORMAL,NORMAL,NORMAL
1507,2026-09-30T09:53:00.872349,27.04,1013.05,1.64,-1.311,-0.759,9.623,0.026,-0.227,0.237,NORMAL,NORMAL,NORMAL
1508,2026-09-30T09:53:01.873814,26.94,1012.98,2.21,-1.282,-0.839,9.677,0.015,-0.211,0.218,NORMAL,NORMAL,NORMAL
1509,2026-09-30T09:53:02.875217,27.18,1013.09,1.31,-1.336,-0.786,9.594,0.011,-0.198,0.226,NORMAL,NORMAL,NORMAL
1510,2026-09-30T09:53:03.876203,27.16,1012.91,2.84,-1.274,-0.697,9.648,0.008,-0.208,0.231,NORMAL,NORMAL,NORMAL
1511,2026-09-30T09:53:04.877547,26.94,1013.16,0.71,-1.24,-0.738,9.58,0.02,-0.222,0.22,NORMAL,NORMAL,NORMAL
1512,2026-09-30T09:53:05.879343,27.12,1013.06,1.58,-1.283,-0.679,9.498,0.034,-0.215,0.213,NORMAL,NORMAL,NORMAL
1513,2026-09-30T09:53:06.881159,27.04,1013.01,2.03,-1.351,-0.625,9.488,0.039,-0.204,0.222,NORMAL,NORMAL,NORMAL
1514,2026-09-30T09:53:07.883994,26.84,1013.43,-1.47,-1.444,-0.719,9.52,0.043,-0.221,0.231,NORMAL,NORMAL,NORMAL
1515,2026-09-30T09:53:08.885935,26.79,1013.18,0.6,-1.525,-0.633,9.441,0.061,-0.238,0.217,NORMAL,NORMAL,NORMAL
1516,2026-09-30T09:53:09.888173,26.83,1012.9,2.93,-1.532,-0.679,9.391,0.073,-0.233,0.202,NORMAL,NORMAL,NORMAL
1517,2026-09-30T09:53:10.891963,27.01,1012.6,5.44,-1.563,-0.683,9.464,0.076,-0.237,0.193,NORMAL,NORMAL,NORMAL
1518,2026-09-30T09:53:11.893359,27.04,1012.83,3.53,-1.629,-0.71,9.47,0.063,-0.245,0.19,NORMAL,NORMAL,NORMAL
1519,2026-09-30T09:53:12.894936,27.33,1013.07,1.48,-1.602,-0.753,9.503,0.069,-0.248,0.187,NORMAL,NORMAL,NORMAL
1520,2026-09-30T09:53:13.896797,70.0,1013.35,-0.82,-1.666,-0.85,9.544,0.083,-0.255,0.193,CRITICAL,NORMAL,NORMAL
1521,2026-09-30T09:53:14.899039,70.0,1012.97,2.34,-1.651,-0.831,9.597,0.088,-0.242,0.174,CRITICAL,NORMAL,NORMAL
1522,2026-09-30T09:53:15.901754,70.0,1013.37,-0.99,-1.612,-0.786,9.634,0.069,-0.243,0.173,CRITICAL,NORMAL,NORMAL
1523,2026-09-30T09:53:16.904941,70.0,1013.84,-4.92,-1.597,-0.826,9.7,0.078,-0.25,0.16,CRITICAL,NORMAL,NORMAL
1524,2026-09-30T09:53:17.910119,70.0,1013.66,-3.4,-1.593,-0.915,9.637,0.083,-0.25,0.143,CRITICAL,NORMAL,NORMAL
1525,2026-09-30T09:53:18.912458,26.61,1013.71,-3.86,-1.604,-0.874,9.666,0.09,-0.247,0.141,NORMAL,NORMAL,NORMAL
1526,2026-09-30T09:53:19.914460,26.58,1014.16,-7.6,-1.522,-0.781,9.682,0.075,-0.232,0.148,NORMAL,NORMAL,NORMAL
1527,2026-09-30T09:53:20.917088,26.72,1014.45,-10.0,-1.529,-0.747,9.721,0.078,-0.22,0.145,NORMAL,NORMAL,NORMAL
1528,2026-09-30T09:53:21.918922,26.81,1014.83,-13.13,-1.624,-0.684,9.762,0.064,-0.205,0.126,NORMAL,NORMAL,NORMAL
1529,2026-09-30T09:53:22.920225,26.71,1015.18,-16.09,-1.55,-0.7,9.834,0.077,-0.2,0.115,NORMAL,NORMAL,NORMAL
1530,2026-09-30T09:53:23.925449,26.83,1015.24,-16.59,-1.543,-0.729,9.885,0.091,-0.2,0.1,NORMAL,NORMAL,NORMAL
1531,2026-09-30T09:53:24.927909,26.56,1015.22,-16.38,-1.511,-0.714,9.899,0.097,-0.184,0.101,NORMAL,NORMAL,NORMAL
1532,2026-09-30T09:53:25.930903,26.41,1015.51,-18.76,-1.535,-0.623,9.933,0.089,-0.178,0.111,NORMAL,NORMAL,NORMAL
1533,2026-09-30T09:53:26.933992,26.69,1015.95,-22.46,-1.626,-0.718,9.844,0.093,-0.178,0.124,NORMAL,NORMAL,NORMAL
1534,2026-09-30T09:53:27.935008,26.7,1015.89,-21.95,-1.72,-0.737,9.937,0.092,-0.158,0.135,NORMAL,NORMAL,NORMAL
1535,2026-09-30T09:53:28.935982,26.83,1015.39,-17.84,-1.685,-0.738,9.904,0.079,-0.163,0.129,NORMAL,NORMAL,NORMAL
1536,2026-09-30T09:53:29.937033,26.75,1015.34,-17.38,-1.725,-0.646,9.843,0.075,-0.181,0.12,NORMAL,NORMAL,NORMAL
1537,2026-09-30T09:53:30.938318,26.9,1015.68,-20.21,-1.773,-0.632,9.799,0.088,-0.186,0.13,NORMAL,NORMAL,NORMAL
1538,2026-09-30T09:53:31.940866,27.09,1015.86,-21.72,-1.678,-0.588,9.88,0.098,-0.181,0.138,NORMAL,NORMAL,NORMAL
1539,2026-09-30T09:53:32.942868,27.2,1015.55,-19.14,-1.651,-0.588,9.857,0.118,-0.193,0.158,NORMAL,NORMAL,NORMAL
1540,2026-09-30T09:53:33.943980,27.15,1015.15,-15.77,-1.739,-0.489,9.785,0.127,-0.205,0.163,NORMAL,NORMAL,NORMAL
1541,2026-09-30T09:53:34.945972,27.32,1015.18,-16.04,-1.748,-0.408,9.838,0.117,-0.224,0.146,NORMAL,NORMAL,NORMAL
1542,2026-09-30T09:53:35.948625,27.37,1015.55,-19.14,-1.702,-0.487,9.793,0.098,-0.216,0.154,NORMAL,NORMAL,NORMAL
1543,2026-09-30T09:53:36.950566,27.55,1015.81,-21.28,-1.692,-0.413,9.769,0.115,-0.205,0.16,NORMAL,NORMAL,NORMAL
1544,2026-09-30T09:53:37.953068,27.57,1015.59,-19.45,-1.659,-0.509,9.758,0.134,-0.19,0.169,NORMAL,NORMAL,NORMAL
1545,2026-09-30T09:53:38.954837,27.27,1015.39,-17.81,-1.649,-0.509,9.704,0.117,-0.191,0.171,NORMAL,NORMAL,NORMAL
1546,2026-09-30T09:53:39.956856,27.52,1015.38,-17.68,-1.594,-0.566,9.653,0.133,-0.203,0.158,NORMAL,NORMAL,NORMAL
1547,2026-09-30T09:53:40.957879,27.81,1015.63,-19.8,-1.606,-0.479,9.732,0.146,-0.191,0.178,NORMAL,NORMAL,NORMAL
1548,2026-09-30T09:53:41.960106,27.85,1016.02,-23.0,-1.658,-0.506,9.687,0.129,-0.18,0.172,NORMAL,NORMAL,NORMAL
1549,2026-09-30T09:53:42.962717,27.93,1016.3,-25.39,-1.731,-0.479,9.701,0.148,-0.173,0.172,NORMAL,NORMAL,NORMAL
1550,2026-09-30T09:53:43.964541,28.03,1200.0,-29.19,-1.798,-0.399,9.734,0.134,-0.173,0.164,NORMAL,CRITICAL,NORMAL
1551,2026-09-30T09:53:44.967161,27.93,1200.0,-28.61,-1.871,-0.306,9.758,0.15,-0.154,0.171,NORMAL,CRITICAL,NORMAL
1552,2026-09-30T09:53:45.968676,28.04,1200.0,-26.86,-1.865,-0.281,9.752,0.15,-0.153,0.182,NORMAL,CRITICAL,NORMAL
1553,2026-09-30T09:53:46.970713,28.14,1200.0,-25.63,-1.96,-0.358,9.75,0.169,-0.166,0.196,NORMAL,CRITICAL,NORMAL
1554,2026-09-30T09:53:47.977031,28.1,1200.0,-28.5,-1.875,-0.365,9.703,0.161,-0.15,0.215,NORMAL,CRITICAL,NORMAL
1555,2026-09-30T09:53:48.980107,28.0,1016.27,-25.14,-1.795,-0.454,9.623,0.161,-0.167,0.206,NORMAL,NORMAL,NORMAL
1556,2026-09-30T09:53:49.982663,28.13,1016.48,-26.86,-1.841,-0.535,9.715,0.152,-0.175,0.215,NORMAL,NORMAL,NORMAL
1557,2026-09-30T09:53:50.984462,28.15,1016.47,-26.81,-1.837,-0.445,9.698,0.147,-0.158,0.215,NORMAL,NORMAL,NORMAL
1558,2026-09-30T09:53:51.986980,27.9,1016.15,-24.11,-1.783,-0.504,9.634,0.15,-0.165,0.203,NORMAL,NORMAL,NORMAL
1559,2026-09-30T09:53:52.989815,27.73,1016.12,-23.87,-1.749,-0.425,9.6,0.133,-0.177,0.205,NORMAL,NORMAL,NORMAL
1560,2026-09-30T09:53:53.992202,27.6,1016.35,-25.81,-1.676,-0.385,9.685,0.116,-0.181,0.189,NORMAL,NORMAL,NORMAL
1561,2026-09-30T09:53:54.995476,27.69,1015.91,-22.15,-1.77,-0.41,9.682,0.11,-0.187,0.183,NORMAL,NORMAL,NORMAL
1562,2026-09-30T09:53:55.998145,27.5,1015.71,-20.5,-1.682,-0.413,9.712,0.127,-0.179,0.188,NORMAL,NORMAL,NORMAL
1563,2026-09-30T09:53:57.000543,27.45,1015.86,-21.67,-1.705,-0.315,9.637,0.125,-0.186,0.199,NORMAL,NORMAL,NORMAL
1564,2026-09-30T09:53:58.003168,27.64,1016.05,-23.32,-1.682,-0.223,9.63,0.109,-0.204,0.181,NORMAL,NORMAL,NORMAL
1565,2026-09-30T09:53:59.005166,27.48,1015.6,-19.53,-1.636,-0.197,9.647,0.092,-0.213,0.183,NORMAL,NORMAL,NORMAL
1566,2026-09-30T09:54:00.008098,27.69,1015.21,-16.34,-1.599,-0.29,9.584,0.094,-0.225,0.192,NORMAL,NORMAL,NORMAL
1567,2026-09-30T09:54:01.013349,27.4,1015.63,-19.81,-1.665,-0.329,9.624,0.105,-0.231,0.206,NORMAL,NORMAL,NORMAL
1568,2026-09-30T09:54:02.015530,27.21,1015.25,-16.61,-1.643,-0.372,9.669,0.117,-0.211,0.189,NORMAL,NORMAL,NORMAL
1569,2026-09-30T09:54:03.018865,26.99,1015.61,-19.64,-1.738,-0.284,9.685,0.126,-0.221,0.182,NORMAL,NORMAL,NORMAL
1570,2026-09-30T09:54:04.022180,27.03,1015.59,-19.44,-1.76,-0.22,9.784,0.108,-0.237,0.165,NORMAL,NORMAL,NORMAL
1571,2026-09-30T09:54:05.024330,27.17,1015.27,-16.8,-1.783,-0.184,9.839,0.093,-0.254,0.156,NORMAL,NORMAL,NORMAL
1572,2026-09-30T09:54:06.027361,26.97,1015.71,-20.45,-1.799,-0.135,9.913,0.11,-0.258,0.171,NORMAL,NORMAL,NORMAL
1573,2026-09-30T09:54:07.030129,27.17,1015.85,-21.66,-1.779,-0.115,9.908,0.102,-0.276,0.158,NORMAL,NORMAL,NORMAL
1574,2026-09-30T09:54:08.032771,27.32,1016.34,-25.74,-1.819,-0.056,9.891,0.086,-0.295,0.144,NORMAL,NORMAL,NORMAL
1575,2026-09-30T09:54:09.034053,27.43,1015.89,-21.98,-1.73,0.03,9.814,0.069,-0.313,0.129,NORMAL,NORMAL,NORMAL
1576,2026-09-30T09:54:10.036593,27.59,1015.62,-19.73,-1.808,0.033,9.737,0.05,-0.327,0.123,NORMAL,NORMAL,NORMAL
1577,2026-09-30T09:54:11.039645,27.88,1015.65,-19.96,-1.775,0.068,9.762,0.059,-0.347,0.139,NORMAL,NORMAL,NORMAL
1578,2026-09-30T09:54:12.042549,27.95,1015.95,-22.45,-1.782,0.143,9.756,0.056,-0.355,0.129,NORMAL,NORMAL,NORMAL
1579,2026-09-30T09:54:13.045848,27.9,1016.28,-25.2,-1.711,0.228,9.748,0.073,-0.355,0.137,NORMAL,NORMAL,NORMAL
1580,2026-09-30T09:54:14.048848,27.75,1016.28,-25.22,-1.619,0.284,9.824,0.091,-0.347,0.145,NORMAL,NORMAL,NORMAL
1581,2026-09-30T09:54:15.052432,27.97,1016.07,-23.48,-1.53,0.365,9.874,0.098,-0.355,0.16,NORMAL,NORMAL,NORMAL
1582,2026-09-30T09:54:16.054781,27.72,1015.94,-22.41,-1.464,0.429,9.921,0.083,-0.368,0.152,NORMAL,NORMAL,NORMAL
1583,2026-09-30T09:54:17.057737,27.45,1015.59,-19.44,-1.433,0.475,9.917,0.08,-0.358,0.133,NORMAL,NORMAL,NORMAL
1584,2026-09-30T09:54:18.060478,27.53,1015.8,-21.21,-1.42,0.473,9.909,0.078,-0.352,0.114,NORMAL,NORMAL,NORMAL
1585,2026-09-30T09:54:19.063838,,1200.0,-23.13,-1.456,0.376,9.944,0.071,-0.363,0.108,SENSOR_FAILURE,CRITICAL,NORMAL
1586,2026-09-30T09:54:20.065986,,1200.0,-26.57,-1.395,0.277,9.856,0.054,-0.351,0.125,SENSOR_FAILURE,CRITICAL,NORMAL
1587,2026-09-30T09:54:21.067853,,1200.0,-24.94,-1.297,0.27,9.867,0.045,-0.357,0.141,SENSOR_FAILURE,CRITICAL,NORMAL
1588,2026-09-30T09:54:22.069891,,1200.0,-21.02,-1.255,0.367,9.797,0.062,-0.37,0.142,SENSOR_FAILURE,CRITICAL,NORMAL
1589,2026-09-30T09:54:23.072783,,1200.0,-23.53,-1.334,0.456,9.704,0.055,-0.375,0.141,SENSOR_FAILURE,CRITICAL,NORMAL
1590,2026-09-30T09:54:24.081927,27.38,1016.37,-25.91,-1.296,0.435,9.744,0.043,-0.388,0.15,NORMAL,NORMAL,NORMAL
1591,2026-09-30T09:54:25.084690,27.45,1015.98,-22.69,-1.387,0.375,9.778,0.06,-0.385,0.134,NORMAL,NORMAL,NORMAL
1592,2026-09-30T09:54:26.086695,27.44,1015.83,-21.49,-1.432,0.366,9.762,0.077,-0.393,0.139,NORMAL,NORMAL,NORMAL
1593,2026-09-30T09:54:27.089981,27.14,1015.85,-21.58,-1.377,0.271,9.85,0.069,-0.379,0.149,NORMAL,NORMAL,NORMAL
1594,2026-09-30T09:54:28.093712,27.29,1016.27,-25.09,-1.476,0.295,9.908,0.076,-0.398,0.143,NORMAL,NORMAL,NORMAL
1595,2026-09-30T09:54:29.095575,27.15,1016.44,-26.49,-1.435,0.198,9.816,0.082,-0.418,0.147,NORMAL,NORMAL,NORMAL
1596,2026-09-30T09:54:30.097972,27.11,1016.91,-30.46,-1.532,0.278,9.839,0.069,-0.409,0.136,NORMAL,NORMAL,NORMAL
1597,2026-09-30T09:54:31.100891,27.19,1016.98,-31.03,-1.627,0.24,9.755,0.064,-0.423,0.151,NORMAL,NORMAL,NORMAL
1598,2026-09-30T09:54:32.104093,26.91,1017.34,-33.98,-1.589,0.253,9.684,0.051,-0.421,0.167,NORMAL,NORMAL,NORMAL
1599,2026-09-30T09:54:33.107164,26.71,1017.09,-31.91,-1.609,0.267,9.673,0.041,-0.437,0.18,NORMAL,NORMAL,NORMAL
1600,2026-09-30T09:54:34.111939,26.46,1017.46,-34.99,-1.58,0.19,9.697,0.027,-0.454,0.19,NORMAL,NORMAL,NORMAL
1601,2026-09-30T09:54:35.114827,26.32,1017.38,-34.32,-1.551,0.128,9.714,0.029,-0.457,0.195,NORMAL,NORMAL,NORMAL
1602,2026-09-30T09:54:36.118358,26.28,1016.91,-30.43,-1.514,0.039,9.646,0.034,-0.447,0.179,NORMAL,NORMAL,NORMAL
1603,2026-09-30T09:54:37.121800,26.44,1017.05,-31.62,-1.46,-0.03,9.594,0.022,-0.444,0.18,NORMAL,NORMAL,NORMAL
1604,2026-09-30T09:54:38.124867,26.62,1016.85,-29.96,-1.463,-0.129,9.639,0.039,-0.434,0.194,NORMAL,NORMAL,NORMAL
1605,2026-09-30T09:54:39.128417,26.57,1016.5,-26.98,-1.452,-0.099,9.702,0.026,-0.448,0.212,NORMAL,NORMAL,NORMAL
1606,2026-09-30T09:54:40.131680,26.61,1016.58,-27.69,-1.376,-0.179,9.617,0.021,-0.444,0.223,NORMAL,NORMAL,NORMAL
1607,2026-09-30T09:54:41.134942,26.49,1016.47,-26.76,-1.456,-0.136,9.57,0.033,-0.432,0.238,NORMAL,NORMAL,NORMAL
1608,2026-09-30T09:54:42.137798,26.22,1016.79,-29.4,-1.496,-0.062,9.602,0.013,-0.416,0.252,NORMAL,NORMAL,NORMAL
1609,2026-09-30T09:54:43.139447,26.09,1016.34,-25.67,-1.585,-0.117,9.539,0.004,-0.397,0.248,NORMAL,NORMAL,NORMAL
1610,2026-09-30T09:54:44.141942,26.22,1016.05,-23.28,-1.621,-0.181,9.492,0.003,-0.412,0.234,NORMAL,NORMAL,NORMAL
1611,2026-09-30T09:54:45.144804,26.06,1016.03,-23.13,-1.712,-0.145,9.433,0.019,-0.424,0.238,NORMAL,NORMAL,NORMAL
1612,2026-09-30T09:54:46.148691,26.04,1016.48,-26.86,20.0,20.0,20.0,0.031,-0.437,0.249,NORMAL,NORMAL,CRITICAL
1613,2026-09-30T09:54:47.151600,25.79,1016.79,-29.47,20.0,20.0,20.0,0.018,-0.418,0.239,NORMAL,NORMAL,CRITICAL
1614,2026-09-30T09:54:48.153723,25.93,1017.07,-31.79,20.0,20.0,20.0,0.023,-0.411,0.236,NORMAL,NORMAL,CRITICAL
1615,2026-09-30T09:54:49.154804,26.09,1016.81,-29.61,20.0,20.0,20.0,0.031,-0.396,0.218,NORMAL,NORMAL,CRITICAL
1616,2026-09-30T09:54:50.156532,26.02,1016.99,-31.13,20.0,20.0,20.0,0.038,-0.4,0.234,NORMAL,NORMAL,CRITICAL
1617,2026-09-30T09:54:51.162792,25.8,1016.9,-30.36,-1.641,-0.273,9.441,0.05,-0.399,0.239,NORMAL,NORMAL,NORMAL
1618,2026-09-30T09:54:52.166298,26.1,1016.44,-26.52,-1.719,-0.262,9.352,0.063,-0.385,0.225,NORMAL,NORMAL,NORMAL
1619,2026-09-30T09:54:53.169721,26.2,1016.41,-26.3,-1.663,-0.267,9.421,0.064,-0.368,0.222,NORMAL,NORMAL,NORMAL
1620,2026-09-30T09:54:54.172910,26.38,1016.55,-27.44,-1.727,-0.171,9.518,0.082,-0.367,0.203,NORMAL,NORMAL,NORMAL
1621,2026-09-30T09:54:55.176430,26.52,1016.07,-23.42,-1.781,-0.253,9.497,0.08,-0.383,0.201,NORMAL,NORMAL,NORMAL
1622,2026-09-30T09:54:56.179103,26.32,1016.25,-24.94,-1.816,-0.269,9.499,0.097,-0.365,0.193,NORMAL,NORMAL,NORMAL
1623,2026-09-30T09:54:57.181946,26.58,1016.61,-27.91,-1.893,-0.306,9.517,0.098,-0.359,0.189,NORMAL,NORMAL,NORMAL
1624,2026-09-30T09:54:58.184666,26.31,1016.87,-30.13,-1.838,-0.292,9.424,0.094,-0.351,0.173,NORMAL,NORMAL,NORMAL
1625,2026-09-30T09:54:59.185671,26.46,1016.62,-28.0,-1.747,-0.248,9.326,0.081,-0.354,0.163,NORMAL,NORMAL,NORMAL
1626,2026-09-30T09:55:00.189420,26.3,1016.83,-29.76,-1.8,-0.211,9.276,0.077,-0.349,0.152,NORMAL,NORMAL,NORMAL
1627,2026-09-30T09:55:01.192344,26.03,1016.63,-28.13,-1.797,-0.172,9.362,0.058,-0.355,0.16,NORMAL,NORMAL,NORMAL
1628,2026-09-30T09:55:02.193885,25.96,1016.74,-28.97,-1.878,-0.182,9.334,0.059,-0.362,0.156,NORMAL,NORMAL,NORMAL
1629,2026-09-30T09:55:03.194934,26.09,1016.67,-28.46,-1.971,-0.155,9.266,0.068,-0.371,0.175,NORMAL,NORMAL,NORMAL
1630,2026-09-30T09:55:04.196576,26.25,1017.02,-31.33,-1.981,-0.246,9.201,0.065,-0.373,0.193,NORMAL,NORMAL,NORMAL
1631,2026-09-30T09:55:05.198391,26.4,1017.04,-31.52,-1.924,-0.161,9.169,0.059,-0.385,0.207,NORMAL,NORMAL,NORMAL
1632,2026-09-30T09:55:06.199888,26.14,1017.04,-31.55,-1.99,-0.14,9.245,0.049,-0.398,0.196,NORMAL,NORMAL,NORMAL
1633,2026-09-30T09:55:07.201512,26.33,1017.12,-32.14,-1.899,-0.08,9.317,0.05,-0.401,0.201,NORMAL,NORMAL,NORMAL
1634,2026-09-30T09:55:08.202776,26.11,1017.23,-33.06,-1.853,-0.123,9.358,0.033,-0.385,0.205,NORMAL,NORMAL,NORMAL
1635,2026-09-30T09:55:09.204174,26.18,1016.79,-29.43,-1.936,-0.181,9.313,0.026,-0.372,0.22,NORMAL,NORMAL,NORMAL
1636,2026-09-30T09:55:10.205652,26.1,1016.8,-29.54,-2.026,-0.232,9.276,0.017,-0.377,0.23,NORMAL,NORMAL,NORMAL
1637,2026-09-30T09:55:11.207177,26.03,1016.93,-30.56,-2.11,-0.25,9.26,0.005,-0.369,0.238,NORMAL,NORMAL,NORMAL
1638,2026-09-30T09:55:12.210083,26.06,1017.39,-34.44,-2.077,-0.238,9.296,0.015,-0.365,0.219,NORMAL,NORMAL,NORMAL
1639,2026-09-30T09:55:13.211582,25.85,1017.07,-31.77,-2.129,-0.158,9.342,0.014,-0.378,0.232,NORMAL,NORMAL,NORMAL
1640,2026-09-30T09:55:14.213677,25.86,1017.17,-32.63,-2.132,-0.12,9.354,0.016,-0.365,0.229,NORMAL,NORMAL,NORMAL
1641,2026-09-30T09:55:15.215733,26.12,1017.45,-34.91,-2.151,-0.137,9.33,0.008,-0.384,0.243,NORMAL,NORMAL,NORMAL
1642,2026-09-30T09:55:16.217302,26.07,1017.41,-34.54,-2.202,-0.067,9.31,-0.011,-0.382,0.262,NORMAL,NORMAL,NORMAL
1643,2026-09-30T09:55:17.218899,26.27,1016.97,-30.91,-2.215,-0.054,9.398,-0.021,-0.374,0.246,NORMAL,NORMAL,NORMAL
1644,2026-09-30T09:55:18.220588,26.28,1017.3,-33.65,-2.277,-0.137,9.436,-0.005,-0.392,0.24,NORMAL,NORMAL,NORMAL
1645,2026-09-30T09:55:19.222533,26.23,1016.83,-29.74,-2.239,-0.056,9.53,0.001,-0.378,0.225,NORMAL,NORMAL,NORMAL
1646,2026-09-30T09:55:20.224492,26.43,1016.33,-25.63,-2.169,-0.075,9.514,0.002,-0.376,0.222,NORMAL,NORMAL,NORMAL
1647,2026-09-30T09:55:21.226553,26.34,1016.42,-26.34,-2.228,0.004,9.559,-0.01,-0.364,0.205,NORMAL,NORMAL,NORMAL
1648,2026-09-30T09:55:22.228597,26.32,1016.86,-30.01,-2.247,0.043,9.638,0.004,-0.377,0.196,NORMAL,NORMAL,NORMAL
1649,2026-09-30T09:55:23.231387,,1016.73,-28.89,,,,,,,SENSOR_FAILURE,NORMAL,SENSOR_FAILURE
1650,2026-09-30T09:55:24.233671,,1016.75,-29.1,,,,,,,SENSOR_FAILURE,NORMAL,SENSOR_FAILURE
1651,2026-09-30T09:55:25.235657,,1017.01,-31.26,,,,,,,SENSOR_FAILURE,NORMAL,SENSOR_FAILURE
1652,2026-09-30T09:55:26.238208,,1017.34,-34.02,,,,,,,SENSOR_FAILURE,NORMAL,SENSOR_FAILURE
1653,2026-09-30T09:55:27.239883,,1017.0,-31.22,,,,,,,SENSOR_FAILURE,NORMAL,SENSOR_FAILURE
1654,2026-09-30T09:55:28.242993,26.97,1017.3,-33.69,-2.214,0.093,9.301,-0.055,-0.37,0.175,NORMAL,NORMAL,NORMAL
1655,2026-09-30T09:55:29.244873,26.86,1017.13,-32.22,-2.192,0.169,9.255,-0.05,-0.358,0.162,NORMAL,NORMAL,NORMAL
1656,2026-09-30T09:55:30.248028,26.75,1017.04,-31.47,-2.14,0.228,9.162,-0.063,-0.346,0.168,NORMAL,NORMAL,NORMAL
1657,2026-09-30T09:55:31.250830,26.54,1017.1,-32.01,-2.221,0.217,9.205,-0.072,-0.358,0.176,NORMAL,NORMAL,NORMAL
1658,2026-09-30T09:55:32.253653,26.78,1017.25,-33.24,-2.212,0.143,9.262,-0.061,-0.349,0.165,NORMAL,NORMAL,NORMAL
1659,2026-09-30T09:55:33.256293,26.61,1017.2,-32.84,-2.264,0.204,9.218,-0.069,-0.347,0.182,NORMAL,NORMAL,NORMAL
1660,2026-09-30T09:55:34.258560,26.81,1017.64,-36.49,-2.271,0.227,9.296,-0.066,-0.358,0.174,NORMAL,NORMAL,NORMAL
1661,2026-09-30T09:55:35.261970,26.8,1017.67,-36.75,-2.236,0.254,9.387,-0.082,-0.35,0.167,NORMAL,NORMAL,NORMAL
1662,2026-09-30T09:55:36.264848,26.51,1018.12,-40.5,-2.233,0.155,9.386,-0.095,-0.369,0.18,NORMAL,NORMAL,NORMAL
1663,2026-09-30T09:55:37.268150,26.39,1018.31,-42.07,-2.258,0.252,9.469,-0.09,-0.381,0.167,NORMAL,NORMAL,NORMAL
1664,2026-09-30T09:55:38.270816,26.3,1018.31,-42.08,-2.242,0.273,9.526,-0.096,-0.39,0.148,NORMAL,NORMAL,NORMAL
1665,2026-09-30T09:55:39.272941,26.1,1017.98,-39.28,-2.255,0.302,9.44,-0.08,-0.399,0.162,NORMAL,NORMAL,NORMAL
1666,2026-09-30T09:55:40.275725,26.24,1018.24,-41.43,-2.352,0.229,9.374,-0.066,-0.4,0.162,NORMAL,NORMAL,NORMAL
1667,2026-09-30T09:55:41.277704,26.52,1018.36,-42.45,-2.39,0.309,9.347,-0.083,-0.387,0.147,NORMAL,NORMAL,NORMAL
1668,2026-09-30T09:55:42.280679,26.48,1017.9,-38.64,-2.404,0.292,9.383,-0.099,-0.398,0.157,NORMAL,NORMAL,NORMAL
1669,2026-09-30T09:55:43.283202,26.4,1017.9,-38.64,-2.375,0.228,9.391,-0.087,-0.381,0.165,NORMAL,NORMAL,NORMAL
1670,2026-09-30T09:55:44.285247,26.56,1018.4,-42.76,-2.399,0.222,9.369,-0.087,-0.378,0.155,NORMAL,NORMAL,NORMAL
1671,2026-09-30T09:55:45.288674,26.64,1018.06,-40.0,-2.44,0.249,9.383,-0.102,-0.384,0.149,NORMAL,NORMAL,NORMAL
1672,2026-09-30T09:55:46.291403,26.45,1018.19,-41.01,-2.507,0.161,9.426,-0.092,-0.369,0.153,NORMAL,NORMAL,NORMAL
1673,2026-09-30T09:55:47.295226,26.55,1018.25,-41.54,-2.575,0.152,9.434,-0.108,-0.368,0.134,NORMAL,NORMAL,NORMAL
1674,2026-09-30T09:55:48.296982,26.61,1018.0,-39.46,-2.509,0.098,9.485,-0.09,-0.377,0.135,NORMAL,NORMAL,NORMAL
1675,2026-09-30T09:55:49.298819,26.44,1018.42,-42.98,-2.505,0.001,9.557,-0.081,-0.368,0.146,NORMAL,NORMAL,NORMAL
1676,2026-09-30T09:55:50.301131,26.18,1018.04,-39.79,-2.453,0.015,9.469,-0.077,-0.369,0.132,NORMAL,NORMAL,NORMAL
1677,2026-09-30T09:55:51.303509,26.01,1017.97,-39.22,-2.54,-0.034,9.499,-0.06,-0.358,0.142,NORMAL,NORMAL,NORMAL
1678,2026-09-30T09:55:52.305480,26.09,1017.55,-35.73,-2.61,0.019,9.585,-0.079,-0.338,0.137,NORMAL,NORMAL,NORMAL
1679,2026-09-30T09:55:53.308464,26.11,1017.08,-31.82,-2.548,0.033,9.495,-0.087,-0.327,0.15,NORMAL,NORMAL,NORMAL
1680,2026-09-30T09:55:54.311127,26.11,1016.9,-30.32,-2.563,-0.048,9.591,-0.079,-0.342,0.146,NORMAL,NORMAL,NORMAL
1681,2026-09-30T09:55:55.313404,25.83,1016.63,-28.13,-2.504,-0.042,9.653,-0.086,-0.359,0.147,NORMAL,NORMAL,NORMAL
1682,2026-09-30T09:55:56.316245,25.93,1016.65,-28.31,-2.596,-0.088,9.601,-0.095,-0.373,0.15,NORMAL,NORMAL,NORMAL
1683,2026-09-30T09:55:57.318586,26.18,1017.04,-31.51,-2.591,-0.001,9.547,-0.086,-0.378,0.131,NORMAL,NORMAL,NORMAL
1684,2026-09-30T09:55:58.321325,26.13,1017.17,-32.58,-2.542,0.042,9.582,-0.082,-0.392,0.129,NORMAL,NORMAL,NORMAL
1685,2026-09-30T09:55:59.324509,26.06,1016.72,-28.87,-2.635,0.032,9.591,-0.09,-0.382,0.13,NORMAL,NORMAL,NORMAL
1686,2026-09-30T09:56:00.328365,,1016.58,-27.67,-2.621,0.098,9.687,-0.094,-0.363,0.132,SENSOR_FAILURE,NORMAL,NORMAL
1687,2026-09-30T09:56:01.331444,,1016.73,-28.89,-2.542,0.028,9.688,-0.076,-0.344,0.148,SENSOR_FAILURE,NORMAL,NORMAL
1688,2026-09-30T09:56:02.333390,,1016.56,-27.54,-2.458,0.115,9.7,-0.089,-0.332,0.159,SENSOR_FAILURE,NORMAL,NORMAL
1689,2026-09-30T09:56:03.334978,,1016.7,-28.65,-2.537,0.074,9.739,-0.069,-0.345,0.162,SENSOR_FAILURE,NORMAL,NORMAL
1690,2026-09-30T09:56:04.336213,,1016.32,-25.54,-2.44,0.045,9.741,-0.074,-0.331,0.142,SENSOR_FAILURE,NORMAL,NORMAL
1691,2026-09-30T09:56:05.338304,25.44,1015.85,-21.59,-2.431,-0.01,9.729,-0.083,-0.349,0.157,NORMAL,NORMAL,NORMAL
1692,2026-09-30T09:56:06.340691,25.2,1016.23,-24.78,-2.507,-0.079,9.746,-0.078,-0.36,0.168,NORMAL,NORMAL,NORMAL
1693,2026-09-30T09:56:07.345533,24.9,1015.82,-21.35,-2.554,-0.157,9.787,-0.098,-0.376,0.156,NORMAL,NORMAL,NORMAL
1694,2026-09-30T09:56:08.348299,25.2,1015.68,-20.19,-2.571,-0.22,9.79,-0.085,-0.379,0.165,NORMAL,NORMAL,NORMAL
1695,2026-09-30T09:56:09.350071,24.93,1015.43,-18.18,-2.602,-0.248,9.868,-0.095,-0.378,0.17,NORMAL,NORMAL,NORMAL
1696,2026-09-30T09:56:10.353458,24.66,1015.14,-15.75,-2.692,-0.295,9.775,-0.076,-0.39,0.169,NORMAL,NORMAL,NORMAL
1697,2026-09-30T09:56:11.356938,24.84,1015.51,-18.79,-2.766,-0.278,9.795,-0.092,-0.393,0.171,NORMAL,NORMAL,NORMAL
1698,2026-09-30T09:56:12.360055,24.67,1015.07,-15.17,-2.862,-0.24,9.722,-0.089,-0.411,0.167,NORMAL,NORMAL,NORMAL
1699,2026-09-30T09:56:13.362979,24.74,1015.04,-14.86,-2.92,-0.32,9.809,-0.102,-0.405,0.185,NORMAL,NORMAL,NORMAL
1700,2026-09-30T09:56:14.365435,24.56,1015.04,-14.9,-2.878,-0.368,9.728,-0.105,-0.416,0.197,NORMAL,NORMAL,NORMAL
1701,2026-09-30T09:56:15.368322,24.5,1014.56,-10.93,-2.873,-0.423,9.782,-0.125,-0.429,0.19,NORMAL,NORMAL,NORMAL
1702,2026-09-30T09:56:16.370812,24.36,1014.57,-10.96,-2.891,-0.328,9.754,-0.124,-0.418,0.176,NORMAL,NORMAL,NORMAL
1703,2026-09-30T09:56:17.373807,24.24,1014.26,-8.44,-2.901,-0.229,9.841,-0.12,-0.417,0.159,NORMAL,NORMAL,NORMAL
1704,2026-09-30T09:56:18.377741,24.35,1014.19,-7.81,-2.908,-0.319,9.742,-0.133,-0.435,0.168,NORMAL,NORMAL,NORMAL
1705,2026-09-30T09:56:19.379293,24.32,1013.9,-5.41,-2.895,-0.228,9.735,-0.146,-0.454,0.182,NORMAL,NORMAL,NORMAL
1706,2026-09-30T09:56:20.382052,24.58,1014.31,-8.79,-2.812,-0.215,9.639,-0.143,-0.457,0.2,NORMAL,NORMAL,NORMAL
1707,2026-09-30T09:56:21.384883,24.68,1014.56,-10.92,-2.812,-0.196,9.622,-0.138,-0.464,0.191,NORMAL,NORMAL,NORMAL
1708,2026-09-30T09:56:22.387413,24.49,1014.56,-10.93,-2.723,-0.264,9.711,-0.126,-0.469,0.172,NORMAL,NORMAL,NORMAL
1709,2026-09-30T09:56:23.390127,24.61,1014.64,-11.55,-2.661,-0.18,9.76,-0.107,-0.452,0.163,NORMAL,NORMAL,NORMAL
1710,2026-09-30T09:56:24.392325,24.87,1014.42,-9.7,-2.746,-0.273,9.785,-0.091,-0.443,0.149,NORMAL,NORMAL,NORMAL
1711,2026-09-30T09:56:25.395932,24.89,1014.41,-9.69,-2.788,-0.268,9.772,-0.079,-0.457,0.133,NORMAL,NORMAL,NORMAL
1712,2026-09-30T09:56:26.398056,25.15,1014.57,-11.0,-2.864,-0.347,9.784,-0.089,-0.445,0.121,NORMAL,NORMAL,NORMAL
1713,2026-09-30T09:56:27.401049,25.44,1014.28,-8.61,-2.905,-0.368,9.77,-0.105,-0.453,0.126,NORMAL,NORMAL,NORMAL
1714,2026-09-30T09:56:28.403486,25.28,1013.84,-4.88,-2.909,-0.457,9.734,-0.105,-0.473,0.107,NORMAL,NORMAL,NORMAL
1715,2026-09-30T09:56:29.407430,25.26,1013.67,-3.46,-2.881,-0.491,9.705,-0.091,-0.474,0.118,NORMAL,NORMAL,NORMAL
1716,2026-09-30T09:56:30.411076,25.08,1014.15,-7.5,-2.938,-0.488,9.785,-0.101,-0.482,0.132,NORMAL,NORMAL,NORMAL
1717,2026-09-30T09:56:31.414125,25.12,1014.15,-7.5,-3.012,-0.558,9.877,-0.112,-0.477,0.118,NORMAL,NORMAL,NORMAL
1718,2026-09-30T09:56:32.416626,70.0,,,-3.044,-0.628,9.947,-0.131,-0.473,0.112,CRITICAL,SENSOR_FAILURE,NORMAL
1719,2026-09-30T09:56:33.418342,70.0,,,-2.988,-0.607,9.885,-0.134,-0.479,0.114,CRITICAL,SENSOR_FAILURE,NORMAL
1720,2026-09-30T09:56:34.421257,70.0,,,-2.997,-0.628,9.958,-0.145,-0.481,0.123,CRITICAL,SENSOR_FAILURE,NORMAL
1721,2026-09-30T09:56:35.424296,70.0,,,-3.01,-0.531,9.86,-0.153,-0.489,0.108,CRITICAL,SENSOR_FAILURE,NORMAL
1722,2026-09-30T09:56:36.429681,70.0,,,-2.926,-0.599,9.796,-0.149,-0.504,0.095,CRITICAL,SENSOR_FAILURE,NORMAL
1723,2026-09-30T09:56:37.432162,24.54,1014.16,-7.61,-3.009,-0.666,9.711,-0.136,-0.515,0.095,NORMAL,NORMAL,NORMAL
1724,2026-09-30T09:56:38.434661,24.3,1014.47,-10.18,-3.07,-0.758,9.736,-0.134,-0.511,0.078,NORMAL,NORMAL,NORMAL
1725,2026-09-30T09:56:39.438240,24.2,1014.06,-6.72,-3.089,-0.762,9.647,-0.141,-0.496,0.088,NORMAL,NORMAL,NORMAL
1726,2026-09-30T09:56:40.441025,23.95,1013.69,-3.65,-3.134,-0.792,9.614,-0.138,-0.482,0.08,NORMAL,NORMAL,NORMAL
1727,2026-09-30T09:56:41.447747,23.81,1013.82,-4.75,-3.197,-0.856,9.631,-0.144,-0.497,0.1,NORMAL,NORMAL,NORMAL
1728,2026-09-30T09:56:42.450856,23.64,1014.04,-6.58,-3.133,-0.784,9.548,-0.162,-0.497,0.105,NORMAL,NORMAL,NORMAL
1729,2026-09-30T09:56:43.452600,23.93,1014.1,-7.04,-3.11,-0.828,9.632,-0.144,-0.508,0.102,NORMAL,NORMAL,NORMAL
1730,2026-09-30T09:56:44.455974,24.17,1013.81,-4.67,-3.051,-0.867,9.619,-0.145,-0.508,0.112,NORMAL,NORMAL,NORMAL
1731,2026-09-30T09:56:45.459360,24.11,1014.21,-8.01,-3.04,-0.915,9.583,-0.149,-0.504,0.114,NORMAL,NORMAL,NORMAL
1732,2026-09-30T09:56:46.462955,24.26,1013.9,-5.4,-3.105,-0.866,9.603,-0.152,-0.494,0.123,NORMAL,NORMAL,NORMAL
1733,2026-09-30T09:56:47.465743,24.1,1014.18,-7.7,-3.01,-0.766,9.537,-0.164,-0.476,0.14,NORMAL,NORMAL,NORMAL
1734,2026-09-30T09:56:48.467604,23.8,1014.21,-7.98,-3.047,-0.799,9.545,-0.153,-0.457,0.157,NORMAL,NORMAL,NORMAL
1735,2026-09-30T09:56:49.470453,23.77,1014.56,-10.89,-3.13,-0.724,9.454,-0.155,-0.449,0.151,NORMAL,NORMAL,NORMAL
1736,2026-09-30T09:56:50.473295,23.96,1014.48,-10.2,-3.164,-0.675,9.444,-0.143,-0.457,0.169,NORMAL,NORMAL,NORMAL
1737,2026-09-30T09:56:51.479315,24.25,1014.13,-7.35,-3.223,-0.655,9.39,-0.152,-0.465,0.153,NORMAL,NORMAL,NORMAL
1738,2026-09-30T09:56:52.482081,24.17,1013.74,-4.04,-3.319,-0.668,9.448,-0.159,-0.446,0.134,NORMAL,NORMAL,NORMAL
1739,2026-09-30T09:56:53.484119,24.35,1013.93,-5.69,-3.245,-0.712,9.474,-0.164,-0.435,0.13,NORMAL,NORMAL,NORMAL
1740,2026-09-30T09:56:54.485952,24.2,1014.08,-6.91,-3.295,-0.811,9.526,-0.171,-0.443,0.139,NORMAL,NORMAL,NORMAL
1741,2026-09-30T09:56:55.488160,23.94,1014.48,-10.25,-3.375,-0.741,9.589,-0.152,-0.432,0.132,NORMAL,NORMAL,NORMAL
1742,2026-09-30T09:56:56.490737,24.12,1014.97,-14.32,-3.364,-0.81,9.577,-0.153,-0.45,0.148,NORMAL,NORMAL,NORMAL
1743,2026-09-30T09:56:57.495554,24.23,1014.64,-11.58,-3.311,-0.876,9.516,-0.145,-0.43,0.157,NORMAL,NORMAL,NORMAL
1744,2026-09-30T09:56:58.498989,23.96,1014.78,-12.76,-3.27,-0.779,9.613,-0.152,-0.448,0.167,NORMAL,NORMAL,NORMAL
1745,2026-09-30T09:56:59.501577,24.03,1014.64,-11.55,-3.23,-0.832,9.609,-0.145,-0.444,0.147,NORMAL,NORMAL,NORMAL
1746,2026-09-30T09:57:00.504558,24.0,1014.58,-11.04,-3.267,-0.793,9.511,-0.16,-0.457,0.129,NORMAL,NORMAL,NORMAL
1747,2026-09-30T09:57:01.506284,24.23,1015.02,-14.74,-3.173,-0.733,9.413,-0.15,-0.439,0.112,NORMAL,NORMAL,NORMAL
1748,2026-09-30T09:57:02.508836,24.44,1015.33,-17.27,-3.264,-0.653,9.467,-0.164,-0.437,0.109,NORMAL,NORMAL,NORMAL
1749,2026-09-30T09:57:03.512351,24.42,1200.0,-17.34,-3.249,-0.572,9.515,-0.173,-0.43,0.11,NORMAL,CRITICAL,NORMAL
1750,2026-09-30T09:57:04.514104,24.37,1200.0,-14.06,-3.176,-0.477,9.572,-0.184,-0.449,0.095,NORMAL,CRITICAL,NORMAL
1751,2026-09-30T09:57:05.517180,24.64,1200.0,-17.85,-3.097,-0.464,9.511,-0.179,-0.459,0.109,NORMAL,CRITICAL,NORMAL
1752,2026-09-30T09:57:06.520406,24.45,1200.0,-18.09,-3.006,-0.518,9.589,-0.19,-0.475,0.103,NORMAL,CRITICAL,NORMAL
1753,2026-09-30T09:57:07.523575,24.73,1200.0,-17.25,-2.953,-0.553,9.65,-0.174,-0.482,0.091,NORMAL,CRITICAL,NORMAL
1754,2026-09-30T09:57:08.533694,24.84,1015.1,-15.42,-2.876,-0.571,9.587,-0.16,-0.482,0.101,NORMAL,NORMAL,NORMAL
1755,2026-09-30T09:57:09.536532,24.83,1014.99,-14.44,-2.918,-0.49,9.614,-0.175,-0.487,0.12,NORMAL,NORMAL,NORMAL
1756,2026-09-30T09:57:10.539492,24.66,1015.22,-16.41,-2.899,-0.463,9.652,-0.162,-0.505,0.122,NORMAL,NORMAL,NORMAL
1757,2026-09-30T09:57:11.542517,24.72,1015.16,-15.88,-2.831,-0.554,9.563,-0.15,-0.487,0.136,NORMAL,NORMAL,NORMAL
1758,2026-09-30T09:57:12.545417,25.0,1015.4,-17.86,-2.818,-0.537,9.528,-0.14,-0.488,0.129,NORMAL,NORMAL,NORMAL
1759,2026-09-30T09:57:13.548692,25.06,1015.0,-14.6,-2.777,-0.509,9.454,-0.156,-0.486,0.142,NORMAL,NORMAL,NORMAL
1760,2026-09-30T09:57:14.552273,25.13,1015.01,-14.64,-2.814,-0.499,9.412,-0.174,-0.47,0.123,NORMAL,NORMAL,NORMAL
1761,2026-09-30T09:57:15.555359,25.33,1015.32,-17.26,-2.84,-0.51,9.502,-0.193,-0.454,0.108,NORMAL,NORMAL,NORMAL
1762,2026-09-30T09:57:16.558246,25.43,1015.59,-19.44,-2.781,-0.44,9.437,-0.19,-0.472,0.09,NORMAL,NORMAL,NORMAL
1763,2026-09-30T09:57:17.562872,25.18,1015.73,-20.6,-2.75,-0.464,9.384,-0.202,-0.479,0.092,NORMAL,NORMAL,NORMAL
1764,2026-09-30T09:57:18.565604,25.21,1015.5,-18.75,-2.745,-0.561,9.416,-0.193,-0.476,0.111,NORMAL,NORMAL,NORMAL
1765,2026-09-30T09:57:19.568786,24.98,1015.4,-17.92,-2.683,-0.509,9.464,-0.204,-0.464,0.104,NORMAL,NORMAL,NORMAL
1766,2026-09-30T09:57:20.571592,25.25,1015.39,-17.82,-2.624,-0.599,9.535,-0.205,-0.47,0.089,NORMAL,NORMAL,NORMAL
1767,2026-09-30T09:57:21.574231,25.35,1015.23,-16.49,-2.6,-0.507,9.541,-0.209,-0.48,0.102,NORMAL,NORMAL,NORMAL
1768,2026-09-30T09:57:22.577334,25.44,1015.67,-20.11,-2.587,-0.436,9.534,-0.203,-0.466,0.107,NORMAL,NORMAL,NORMAL
1769,2026-09-30T09:57:23.579830,25.65,1015.81,-21.27,-2.54,-0.366,9.445,-0.191,-0.464,0.093,NORMAL,NORMAL,NORMAL
1770,2026-09-30T09:57:24.581876,25.75,1015.5,-18.73,-2.619,-0.332,9.536,-0.203,-0.477,0.092,NORMAL,NORMAL,NORMAL
1771,2026-09-30T09:57:25.584609,25.74,1015.5,-18.75,-2.702,-0.251,9.531,-0.185,-0.494,0.08,NORMAL,NORMAL,NORMAL
1772,2026-09-30T09:57:26.587700,25.84,1015.5,-18.7,-2.76,-0.276,9.582,-0.18,-0.496,0.096,NORMAL,NORMAL,NORMAL
1773,2026-09-30T09:57:27.590797,26.04,1015.46,-18.38,-2.674,-0.323,9.643,-0.167,-0.508,0.094,NORMAL,NORMAL,NORMAL
1774,2026-09-30T09:57:28.595480,25.93,1015.39,-17.82,-2.605,-0.328,9.546,-0.164,-0.516,0.1,NORMAL,NORMAL,NORMAL
1775,2026-09-30T09:57:29.598246,25.71,1015.76,-20.89,-2.697,-0.299,9.499,-0.171,-0.519,0.092,NORMAL,NORMAL,NORMAL
1776,2026-09-30T09:57:30.599591,25.75,1015.68,-20.2,-2.73,-0.284,9.501,-0.161,-0.504,0.088,NORMAL,NORMAL,NORMAL
1777,2026-09-30T09:57:31.603051,25.84,1015.55,-19.12,-2.674,-0.276,9.484,-0.157,-0.512,0.074,NORMAL,NORMAL,NORMAL
1778,2026-09-30T09:57:32.605856,25.56,1015.26,-16.75,-2.761,-0.212,9.5,-0.169,-0.503,0.069,NORMAL,NORMAL,NORMAL
1779,2026-09-30T09:57:33.607469,25.55,1015.37,-17.65,-2.707,-0.162,9.592,-0.158,-0.513,0.081,NORMAL,NORMAL,NORMAL
1780,2026-09-30T09:57:34.609407,25.68,1015.8,-21.18,-2.759,-0.082,9.667,-0.163,-0.53,0.086,NORMAL,NORMAL,NORMAL
1781,2026-09-30T09:57:35.614037,25.74,1015.68,-20.25,-2.753,-0.107,9.749,-0.156,-0.513,0.083,NORMAL,NORMAL,NORMAL
1782,2026-09-30T09:57:36.616924,25.53,1015.79,-21.1,-2.694,-0.171,9.787,-0.157,-0.495,0.101,NORMAL,NORMAL,NORMAL
1783,2026-09-30T09:57:37.620796,25.31,1015.46,-18.38,20.0,20.0,20.0,-0.148,-0.481,0.101,NORMAL,NORMAL,CRITICAL
1784,2026-09-30T09:57:38.623604,25.2,1015.58,-19.42,20.0,20.0,20.0,-0.148,-0.49,0.114,NORMAL,NORMAL,CRITICAL
1785,2026-09-30T09:57:39.625544,25.17,1015.31,-17.13,20.0,20.0,20.0,-0.129,-0.485,0.117,NORMAL,NORMAL,CRITICAL
1786,2026-09-30T09:57:40.628970,25.2,1014.97,-14.33,20.0,20.0,20.0,-0.118,-0.483,0.129,NORMAL,NORMAL,CRITICAL
1787,2026-09-30T09:57:41.630580,25.38,1014.83,-13.11,20.0,20.0,20.0,-0.115,-0.485,0.127,NORMAL,NORMAL,CRITICAL
1788,2026-09-30T09:57:42.634120,25.12,1014.7,-12.04,-2.518,-0.097,9.654,-0.118,-0.503,0.114,NORMAL,NORMAL,NORMAL
1789,2026-09-30T09:57:43.636776,24.87,1015.13,-15.67,-2.505,-0.15,9.752,-0.126,-0.493,0.103,NORMAL,NORMAL,NORMAL
1790,2026-09-30T10:05:50.815483,25.22,1012.83,3.46,0.042,-0.015,9.908,0.0,0.018,-0.01,NORMAL,NORMAL,NORMAL
1791,2026-09-30T10:05:51.823609,25.17,1012.95,2.47,0.076,-0.048,9.943,0.018,0.001,-0.012,NORMAL,NORMAL,NORMAL
1792,2026-09-30T10:05:52.826230,25.12,1013.25,-0.03,0.146,0.04,9.963,0.01,-0.014,-0.015,NORMAL,NORMAL,NORMAL
1793,2026-09-30T10:05:53.828086,25.16,1013.29,-0.34,0.104,0.075,9.894,0.018,-0.021,-0.007,NORMAL,NORMAL,NORMAL
1794,2026-09-30T10:05:54.829916,25.12,1013.61,-2.99,0.177,0.118,9.833,0.014,-0.031,0.002,NORMAL,NORMAL,NORMAL
1795,2026-09-30T10:05:55.832933,25.19,1013.74,-4.07,0.104,0.129,9.864,0.018,-0.019,-0.008,NORMAL,NORMAL,NORMAL
1796,2026-09-30T10:05:56.835546,24.91,1013.28,-0.25,0.199,0.078,9.922,0.019,-0.011,0.0,NORMAL,NORMAL,NORMAL
1797,2026-09-30T10:05:57.838906,25.04,1013.03,1.79,0.23,0.155,9.923,0.012,0.005,0.006,NORMAL,NORMAL,NORMAL
1798,2026-09-30T10:05:58.842732,24.93,1012.76,4.07,0.268,0.162,9.996,0.03,0.005,-0.012,NORMAL,NORMAL,NORMAL
1799,2026-09-30T10:05:59.844581,25.09,1012.97,2.33,0.284,0.128,9.997,0.02,0.022,-0.031,NORMAL,NORMAL,NORMAL
1800,2026-09-30T10:06:00.847930,25.01,1012.95,2.48,0.188,0.092,9.991,0.016,0.006,-0.021,NORMAL,NORMAL,NORMAL
1801,2026-09-30T10:06:01.876037,25.16,1012.56,5.77,0.251,0.02,9.892,0.018,0.012,-0.013,NORMAL,NORMAL,NORMAL
1802,2026-09-30T10:06:02.994256,25.02,1013.0,2.08,0.219,0.079,9.924,0.024,0.003,0.0,NORMAL,NORMAL,NORMAL
1803,2026-09-30T10:06:04.001666,24.88,1013.38,-1.1,0.234,-0.012,9.91,0.032,0.001,-0.016,NORMAL,NORMAL,NORMAL
1804,2026-09-30T10:06:05.004463,24.61,1013.77,-4.3,0.302,0.011,9.96,0.028,0.019,-0.022,NORMAL,NORMAL,NORMAL
1805,2026-09-30T10:06:06.007287,24.77,1013.33,-0.64,0.278,0.081,9.971,0.012,0.016,-0.035,NORMAL,NORMAL,NORMAL
1806,2026-09-30T10:06:07.011046,25.05,1012.88,3.1,0.343,0.044,10.042,0.001,0.031,-0.046,NORMAL,NORMAL,NORMAL
1807,2026-09-30T10:06:08.013389,25.25,1013.26,-0.1,0.429,-0.001,10.007,-0.008,0.042,-0.056,NORMAL,NORMAL,NORMAL
1808,2026-09-30T10:06:09.015503,25.2,1013.42,-1.44,0.521,-0.028,9.951,-0.018,0.053,-0.074,NORMAL,NORMAL,NORMAL
1809,2026-09-30T10:06:10.017788,25.43,1013.72,-3.91,0.446,-0.009,10.042,-0.026,0.062,-0.068,NORMAL,NORMAL,NORMAL
1810,2026-09-30T10:06:11.026187,25.72,1014.17,-7.67,0.526,0.09,10.078,-0.028,0.048,-0.048,NORMAL,NORMAL,NORMAL
1811,2026-09-30T10:06:12.117961,25.94,1014.28,-8.54,0.441,0.108,10.055,-0.046,0.059,-0.042,NORMAL,NORMAL,NORMAL
1812,2026-09-30T10:06:13.139697,25.9,1014.07,-6.83,0.347,0.04,10.071,-0.037,0.043,-0.023,NORMAL,NORMAL,NORMAL
1813,2026-09-30T10:06:14.142368,25.87,1013.95,-5.85,0.382,0.092,10.053,-0.041,0.042,-0.035,NORMAL,NORMAL,NORMAL
1814,2026-09-30T10:06:15.145323,25.72,1014.21,-8.01,0.386,0.041,10.107,-0.032,0.038,-0.025,NORMAL,NORMAL,NORMAL
1815,2026-09-30T10:06:16.148086,25.62,1014.38,-9.37,0.339,-0.024,10.152,-0.024,0.038,-0.02,NORMAL,NORMAL,NORMAL
1816,2026-09-30T10:06:17.151352,25.39,1014.27,-8.48,0.352,-0.068,10.055,-0.013,0.044,-0.015,NORMAL,NORMAL,NORMAL
1817,2026-09-30T10:06:18.153975,25.12,1013.98,-6.1,0.375,0.013,10.054,-0.005,0.037,-0.011,NORMAL,NORMAL,NORMAL
1818,2026-09-30T10:06:19.158442,25.28,1013.63,-3.19,0.444,-0.041,10.053,0.005,0.023,-0.011,NORMAL,NORMAL,NORMAL
1819,2026-09-30T10:06:20.161005,24.98,1013.26,-0.06,0.463,-0.113,10.106,0.016,0.031,-0.027,NORMAL,NORMAL,NORMAL
1820,2026-09-30T10:06:21.163622,24.78,1013.12,1.05,0.419,-0.151,10.194,0.003,0.031,-0.028,NORMAL,NORMAL,NORMAL
1821,2026-09-30T10:06:22.166270,24.8,1012.98,2.28,0.343,-0.235,10.108,-0.004,0.037,-0.031,NORMAL,NORMAL,NORMAL
1822,2026-09-30T10:06:23.169068,24.76,1012.73,4.33,0.407,-0.259,10.169,-0.014,0.036,-0.045,NORMAL,NORMAL,NORMAL
1823,2026-09-30T10:06:24.171420,24.64,1012.89,3.03,0.344,-0.314,10.242,-0.03,0.048,-0.041,NORMAL,NORMAL,NORMAL
1824,2026-09-30T10:06:25.173040,24.44,1012.47,6.48,0.359,-0.382,10.307,-0.033,0.034,-0.056,NORMAL,NORMAL,NORMAL
1825,2026-09-30T10:06:26.175045,24.58,1012.96,2.39,0.3,-0.315,10.317,-0.019,0.021,-0.05,NORMAL,NORMAL,NORMAL
1826,2026-09-30T10:06:27.179181,70.0,1012.59,5.53,0.262,-0.393,10.414,-0.026,0.034,-0.046,CRITICAL,NORMAL,NORMAL
1827,2026-09-30T10:06:28.182580,70.0,1012.8,3.75,0.317,-0.437,10.455,-0.029,0.026,-0.041,CRITICAL,NORMAL,NORMAL
1828,2026-09-30T10:06:29.186001,70.0,1012.54,5.89,0.286,-0.478,10.386,-0.022,0.011,-0.035,CRITICAL,NORMAL,NORMAL
1829,2026-09-30T10:06:30.188393,70.0,1012.38,7.23,0.201,-0.444,10.301,-0.011,0.013,-0.048,CRITICAL,NORMAL,NORMAL
1830,2026-09-30T10:06:31.189843,70.0,1012.26,8.28,0.248,-0.374,10.244,0.003,0.021,-0.053,CRITICAL,NORMAL,NORMAL
1831,2026-09-30T10:06:32.192934,24.93,1012.63,5.17,0.155,-0.429,10.304,0.01,0.017,-0.049,NORMAL,NORMAL,NORMAL
1832,2026-09-30T10:06:33.195530,25.01,1012.85,3.3,0.2,-0.335,10.362,0.019,0.019,-0.035,NORMAL,NORMAL,NORMAL
1833,2026-09-30T10:06:34.197932,25.31,1012.62,5.25,0.227,-0.387,10.333,0.014,0.025,-0.027,NORMAL,NORMAL,NORMAL
1834,2026-09-30T10:06:35.201252,25.16,1012.7,4.55,0.3,-0.459,10.286,-0.002,0.042,-0.025,NORMAL,NORMAL,NORMAL
1835,2026-09-30T10:06:36.203421,24.88,1012.33,7.66,0.379,-0.408,10.323,-0.022,0.031,-0.007,NORMAL,NORMAL,NORMAL
1836,2026-09-30T10:06:37.209641,24.97,1011.95,10.84,0.405,-0.474,10.417,-0.03,0.014,-0.011,NORMAL,NORMAL,NORMAL
1837,2026-09-30T10:06:38.212811,24.81,1011.9,11.27,0.494,-0.385,10.498,-0.016,0.03,-0.006,NORMAL,NORMAL,NORMAL
1838,2026-09-30T10:06:39.215596,24.8,1011.52,14.43,0.568,-0.432,10.482,0.002,0.042,0.005,NORMAL,NORMAL,NORMAL
1839,2026-09-30T10:06:40.218186,24.5,1011.34,15.91,0.635,-0.472,10.411,0.018,0.046,-0.005,NORMAL,NORMAL,NORMAL
1840,2026-09-30T10:06:41.220968,24.38,1011.56,14.09,0.658,-0.534,10.35,0.024,0.032,-0.015,NORMAL,NORMAL,NORMAL
1841,2026-09-30T10:06:42.230049,24.44,1011.33,15.97,0.709,-0.481,10.35,0.025,0.027,-0.034,NORMAL,NORMAL,NORMAL
1842,2026-09-30T10:06:43.317798,24.56,1011.06,18.22,0.787,-0.426,10.272,0.021,0.013,-0.02,NORMAL,NORMAL,NORMAL
1843,2026-09-30T10:06:44.319859,24.79,1010.76,20.76,0.878,-0.41,10.22,0.014,0.018,0.0,NORMAL,NORMAL,NORMAL
1844,2026-09-30T10:06:45.325350,25.08,1010.26,24.92,0.868,-0.365,10.31,0.006,0.032,-0.019,NORMAL,NORMAL,NORMAL
1845,2026-09-30T10:06:46.327477,25.07,1010.7,21.23,0.903,-0.316,10.25,0.017,0.027,-0.023,NORMAL,NORMAL,NORMAL
1846,2026-09-30T10:06:47.329725,24.99,1010.6,22.11,0.906,-0.336,10.259,0.009,0.019,-0.027,NORMAL,NORMAL,NORMAL
1847,2026-09-30T10:06:48.331494,25.07,1010.92,19.46,0.834,-0.404,10.233,-0.006,0.001,-0.029,NORMAL,NORMAL,NORMAL
1848,2026-09-30T10:06:49.333693,25.32,1011.03,18.53,0.87,-0.412,10.235,-0.02,0.015,-0.046,NORMAL,NORMAL,NORMAL
1849,2026-09-30T10:06:50.335960,25.46,1010.75,20.86,0.854,-0.476,10.211,-0.034,0.02,-0.046,NORMAL,NORMAL,NORMAL
1850,2026-09-30T10:06:51.338418,25.57,1010.45,23.35,0.809,-0.399,10.241,-0.038,0.025,-0.059,NORMAL,NORMAL,NORMAL
1851,2026-09-30T10:06:52.341723,25.54,1010.51,22.81,0.735,-0.383,10.318,-0.036,0.009,-0.078,NORMAL,NORMAL,NORMAL
1852,2026-09-30T10:06:53.344983,,1010.16,25.72,20.0,20.0,20.0,-0.031,0.014,-0.076,SENSOR_FAILURE,NORMAL,CRITICAL
1853,2026-09-30T10:06:54.346754,,1010.09,26.35,20.0,20.0,20.0,-0.035,0.025,-0.074,SENSOR_FAILURE,NORMAL,CRITICAL
1854,2026-09-30T10:06:55.348234,,1009.8,28.75,20.0,20.0,20.0,-0.017,0.036,-0.056,SENSOR_FAILURE,NORMAL,CRITICAL
1855,2026-09-30T10:06:56.349773,,1010.26,24.96,20.0,20.0,20.0,-0.001,0.034,-0.066,SENSOR_FAILURE,NORMAL,CRITICAL
1856,2026-09-30T10:06:57.351627,,1010.06,26.58,20.0,20.0,20.0,-0.007,0.036,-0.052,SENSOR_FAILURE,NORMAL,CRITICAL
1857,2026-09-30T10:06:58.353763,25.26,1010.35,24.2,0.706,-0.474,10.236,0.005,0.034,-0.059,NORMAL,NORMAL,NORMAL
1858,2026-09-30T10:06:59.355758,25.18,1010.67,21.51,0.79,-0.513,10.201,0.004,0.046,-0.056,NORMAL,NORMAL,NORMAL
1859,2026-09-30T10:07:00.357927,25.08,1010.6,22.06,0.764,-0.515,10.193,0.018,0.045,-0.072,NORMAL,NORMAL,NORMAL
1860,2026-09-30T10:07:01.364662,24.86,1010.42,23.55,0.689,-0.51,10.244,0.014,0.029,-0.087,NORMAL,NORMAL,NORMAL
1861,2026-09-30T10:07:02.366346,25.04,1010.31,24.49,0.656,-0.47,10.159,0.029,0.045,-0.084,NORMAL,NORMAL,NORMAL
1862,2026-09-30T10:07:03.368733,25.32,1010.44,23.46,0.639,-0.543,10.094,0.024,0.048,-0.088,NORMAL,NORMAL,NORMAL
1863,2026-09-30T10:07:04.370658,25.29,1010.17,25.65,0.548,-0.504,10.173,0.005,0.049,-0.085,NORMAL,NORMAL,NORMAL
1864,2026-09-30T10:07:05.372898,25.24,1010.17,25.69,0.596,-0.514,10.125,-0.002,0.055,-0.098,NORMAL,NORMAL,NORMAL
1865,2026-09-30T10:07:06.375552,24.96,1010.44,23.44,0.652,-0.588,10.041,-0.006,0.055,-0.115,NORMAL,NORMAL,NORMAL
1866,2026-09-30T10:07:07.377555,24.79,1010.15,25.81,0.72,-0.496,10.055,-0.017,0.038,-0.125,NORMAL,NORMAL,NORMAL
1867,2026-09-30T10:07:08.379128,25.01,1009.99,27.15,0.817,-0.575,10.097,-0.017,0.042,-0.106,NORMAL,NORMAL,NORMAL
1868,2026-09-30T10:07:09.381215,24.86,1010.04,26.73,0.764,-0.662,10.099,0.003,0.025,-0.089,NORMAL,NORMAL,NORMAL
1869,2026-09-30T10:07:10.383708,24.63,1010.46,23.22,0.829,-0.727,10.188,0.02,0.043,-0.071,NORMAL,NORMAL,NORMAL
1870,2026-09-30T10:07:11.386539,24.43,1010.08,26.4,0.775,-0.72,10.269,0.018,0.059,-0.063,NORMAL,NORMAL,NORMAL
1871,2026-09-30T10:07:12.389347,24.6,1010.18,25.63,0.753,-0.711,10.366,0.019,0.053,-0.072,NORMAL,NORMAL,NORMAL
1872,2026-09-30T10:07:13.391468,24.76,1009.87,28.18,0.811,-0.661,10.372,0.033,0.038,-0.078,NORMAL,NORMAL,NORMAL
1873,2026-09-30T10:07:14.392878,24.9,1010.13,25.99,0.847,-0.755,10.32,0.021,0.052,-0.07,NORMAL,NORMAL,NORMAL
1874,2026-09-30T10:07:15.394839,24.62,1009.96,27.39,0.848,-0.74,10.246,0.013,0.071,-0.054,NORMAL,NORMAL,NORMAL
1875,2026-09-30T10:07:16.397807,24.44,1009.52,31.14,0.872,-0.817,10.236,0.031,0.088,-0.056,NORMAL,NORMAL,NORMAL
1876,2026-09-30T10:07:17.400138,24.56,1009.96,27.45,0.957,-0.856,10.154,0.021,0.074,-0.06,NORMAL,NORMAL,NORMAL
1877,2026-09-30T10:07:18.402669,24.76,1009.96,27.43,0.962,-0.801,10.154,0.003,0.054,-0.046,NORMAL,NORMAL,NORMAL
1878,2026-09-30T10:07:19.405980,,1009.66,29.93,0.907,-0.853,10.133,0.021,0.065,-0.063,SENSOR_FAILURE,NORMAL,NORMAL
1879,2026-09-30T10:07:20.410898,,1010.12,26.1,0.954,-0.909,10.118,0.039,0.05,-0.062,SENSOR_FAILURE,NORMAL,NORMAL
1880,2026-09-30T10:07:21.413570,,1010.62,21.95,0.943,-0.966,10.09,0.034,0.06,-0.053,SENSOR_FAILURE,NORMAL,NORMAL
1881,2026-09-30T10:07:22.415882,,1010.77,20.66,0.88,-0.973,10.119,0.027,0.072,-0.041,SENSOR_FAILURE,NORMAL,NORMAL
1882,2026-09-30T10:07:23.419214,,1010.93,19.35,0.809,-0.929,10.075,0.045,0.059,-0.04,SENSOR_FAILURE,NORMAL,NORMAL
1883,2026-09-30T10:07:24.422064,25.22,1010.46,23.26,0.802,-0.928,10.091,0.027,0.043,-0.024,NORMAL,NORMAL,NORMAL
1884,2026-09-30T10:07:25.423709,25.38,1010.35,24.21,0.854,-0.89,10.102,0.027,0.034,-0.023,NORMAL,NORMAL,NORMAL
1885,2026-09-30T10:07:26.425571,25.24,1010.67,21.51,0.903,-0.84,10.196,0.013,0.047,-0.014,NORMAL,NORMAL,NORMAL
1886,2026-09-30T10:07:27.427119,25.33,1010.55,22.48,0.811,-0.867,10.15,0.0,0.04,-0.007,NORMAL,NORMAL,NORMAL
1887,2026-09-30T10:07:28.429473,25.15,1010.47,23.17,0.76,-0.842,10.058,0.018,0.042,-0.015,NORMAL,NORMAL,NORMAL
1888,2026-09-30T10:07:29.432185,25.25,1010.07,26.54,0.663,-0.891,9.983,0.023,0.033,-0.018,NORMAL,NORMAL,NORMAL
1889,2026-09-30T10:07:30.434640,25.39,1010.28,24.79,0.628,-0.791,10.073,0.005,0.052,-0.019,NORMAL,NORMAL,NORMAL
1890,2026-09-30T10:07:31.437324,25.52,1010.64,21.79,0.679,-0.877,10.088,-0.013,0.07,-0.02,NORMAL,NORMAL,NORMAL
1891,2026-09-30T10:07:32.439793,25.61,1010.87,19.86,0.584,-0.778,10.089,0.006,0.081,-0.004,NORMAL,NORMAL,NORMAL
1892,2026-09-30T10:07:33.441951,25.88,1011.32,16.09,0.647,-0.8,10.146,0.024,0.071,0.016,NORMAL,NORMAL,NORMAL
1893,2026-09-30T10:07:34.444620,25.91,1010.9,19.61,0.683,-0.835,10.225,0.024,0.075,0.034,NORMAL,NORMAL,NORMAL
1894,2026-09-30T10:07:35.446980,25.64,1010.72,21.12,0.756,-0.755,10.134,0.032,0.065,0.042,NORMAL,NORMAL,NORMAL
1895,2026-09-30T10:07:36.449654,25.45,1010.86,19.93,0.771,-0.656,10.12,0.031,0.06,0.029,NORMAL,NORMAL,NORMAL
1896,2026-09-30T10:07:37.451962,25.36,1010.55,22.47,0.693,-0.746,10.072,0.018,0.062,0.049,NORMAL,NORMAL,NORMAL
1897,2026-09-30T10:07:38.453813,25.32,1010.65,21.7,0.744,-0.664,10.028,0.037,0.063,0.042,NORMAL,NORMAL,NORMAL
1898,2026-09-30T10:07:39.458178,25.22,1010.23,25.19,0.664,-0.615,9.95,0.02,0.08,0.055,NORMAL,NORMAL,NORMAL
1899,2026-09-30T10:07:40.460717,25.33,1010.48,23.05,0.683,-0.529,10.0,0.007,0.1,0.036,NORMAL,NORMAL,NORMAL
1900,2026-09-30T10:07:41.463123,25.4,1010.03,26.81,0.668,-0.556,10.041,-0.01,0.117,0.032,NORMAL,NORMAL,NORMAL
1901,2026-09-30T10:07:42.465127,25.38,1009.75,29.21,0.596,-0.515,10.087,0.009,0.135,0.024,NORMAL,NORMAL,NORMAL
1902,2026-09-30T10:07:43.467422,25.27,1009.48,31.48,0.536,-0.523,9.998,0.012,0.136,0.014,NORMAL,NORMAL,NORMAL
1903,2026-09-30T10:07:44.470057,25.1,1009.85,28.35,0.485,-0.566,9.904,0.025,0.142,0.014,NORMAL,NORMAL,NORMAL
1904,2026-09-30T10:07:45.472367,25.24,1010.2,25.41,0.575,-0.622,9.92,0.02,0.144,0.015,NORMAL,NORMAL,NORMAL
1905,2026-09-30T10:07:46.475033,25.47,1009.9,27.9,0.534,-0.54,10.01,0.006,0.16,0.006,NORMAL,NORMAL,NORMAL
1906,2026-09-30T10:07:47.477332,25.65,1009.83,28.55,0.606,-0.616,10.03,0.008,0.151,-0.005,NORMAL,NORMAL,NORMAL
1907,2026-09-30T10:07:48.479918,25.8,1009.71,29.51,0.61,-0.708,10.046,-0.005,0.155,-0.019,NORMAL,NORMAL,NORMAL
1908,2026-09-30T10:07:49.482183,25.79,1009.25,33.35,0.553,-0.722,10.062,-0.014,0.141,-0.026,NORMAL,NORMAL,NORMAL
1909,2026-09-30T10:07:50.484417,25.74,1009.4,32.13,0.592,-0.741,10.099,0.006,0.148,-0.013,NORMAL,NORMAL,NORMAL
1910,2026-09-30T10:07:51.486394,25.96,1008.92,36.12,0.504,-0.649,10.072,-0.002,0.144,-0.021,NORMAL,NORMAL,NORMAL
1911,2026-09-30T10:07:52.488955,26.11,1009.19,33.85,0.45,-0.676,10.147,0.015,0.154,-0.025,NORMAL,NORMAL,NORMAL
1912,2026-09-30T10:07:53.491389,26.01,1009.34,32.63,0.549,-0.76,10.245,0.003,0.149,-0.034,NORMAL,NORMAL,NORMAL
1913,2026-09-30T10:07:54.501717,25.97,1009.19,33.83,0.636,-0.793,10.251,0.0,0.153,-0.023,NORMAL,NORMAL,NORMAL
1914,2026-09-30T10:07:55.504455,25.84,1009.03,35.19,0.542,-0.735,10.269,-0.01,0.138,-0.031,NORMAL,NORMAL,NORMAL
1915,2026-09-30T10:07:56.507549,25.66,1008.78,37.25,0.603,-0.685,10.215,-0.01,0.126,-0.051,NORMAL,NORMAL,NORMAL
1916,2026-09-30T10:07:57.510146,25.75,1008.81,37.05,0.532,-0.626,10.281,-0.004,0.134,-0.037,NORMAL,NORMAL,NORMAL
1917,2026-09-30T10:07:58.513046,25.85,1008.63,38.53,0.567,-0.609,10.249,0.015,0.121,-0.052,NORMAL,NORMAL,NORMAL
1918,2026-09-30T10:07:59.516590,25.76,1008.54,39.3,0.521,-0.586,10.165,0.004,0.114,-0.052,NORMAL,NORMAL,NORMAL
1919,2026-09-30T10:08:00.520374,25.68,1008.62,38.65,0.484,-0.622,10.157,0.019,0.113,-0.062,NORMAL,NORMAL,NORMAL
1920,2026-09-30T10:08:01.522863,25.6,1008.13,42.74,0.536,-0.72,10.074,0.003,0.13,-0.064,NORMAL,NORMAL,NORMAL
1921,2026-09-30T10:08:02.526808,25.6,,,0.575,-0.62,10.13,-0.01,0.139,-0.068,NORMAL,SENSOR_FAILURE,NORMAL
1922,2026-09-30T10:08:03.529524,25.34,,,0.53,-0.71,10.127,-0.008,0.141,-0.085,NORMAL,SENSOR_FAILURE,NORMAL
1923,2026-09-30T10:08:04.532711,25.57,,,0.629,-0.758,10.126,-0.02,0.135,-0.101,NORMAL,SENSOR_FAILURE,NORMAL
1924,2026-09-30T10:08:05.535690,25.56,,,0.533,-0.835,10.174,-0.04,0.147,-0.086,NORMAL,SENSOR_FAILURE,NORMAL
1925,2026-09-30T10:08:06.538468,25.86,,,0.438,-0.834,10.168,-0.046,0.141,-0.089,NORMAL,SENSOR_FAILURE,NORMAL
1926,2026-09-30T10:08:07.540665,25.9,1009.93,27.69,0.471,-0.846,10.072,-0.047,0.124,-0.075,NORMAL,NORMAL,NORMAL
1927,2026-09-30T10:08:08.545080,25.88,1009.77,29.05,0.499,-0.938,10.115,-0.042,0.118,-0.091,NORMAL,NORMAL,NORMAL
1928,2026-09-30T10:08:09.547744,26.08,1009.74,29.25,0.525,-1.025,10.064,-0.039,0.115,-0.106,NORMAL,NORMAL,NORMAL
1929,2026-09-30T10:08:10.550816,26.08,1010.21,25.38,0.527,-1.0,10.118,-0.032,0.128,-0.087,NORMAL,NORMAL,NORMAL
1930,2026-09-30T10:08:11.553443,26.22,1010.25,24.98,0.514,-0.913,10.13,-0.026,0.119,-0.106,NORMAL,NORMAL,NORMAL
1931,2026-09-30T10:08:12.558910,26.02,1009.86,28.26,0.472,-0.827,10.166,-0.031,0.106,-0.111,NORMAL,NORMAL,NORMAL
1932,2026-09-30T10:08:13.561262,25.76,1009.59,30.49,0.52,-0.872,10.224,-0.026,0.093,-0.109,NORMAL,NORMAL,NORMAL
1933,2026-09-30T10:08:14.564698,25.71,1009.35,32.55,0.518,-0.941,10.253,-0.035,0.08,-0.1,NORMAL,NORMAL,NORMAL
1934,2026-09-30T10:08:15.567042,25.47,1009.01,35.39,0.539,-0.859,10.224,-0.054,0.089,-0.089,NORMAL,NORMAL,NORMAL
1935,2026-09-30T10:08:16.569294,25.24,1009.31,32.9,0.506,-0.891,10.316,-0.06,0.08,-0.082,NORMAL,NORMAL,NORMAL
1936,2026-09-30T10:08:17.573181,25.15,1009.5,31.31,0.466,-0.824,10.308,-0.067,0.093,-0.099,NORMAL,NORMAL,NORMAL
1937,2026-09-30T10:08:18.576513,24.91,1009.78,28.91,0.448,-0.776,10.238,-0.07,0.098,-0.11,NORMAL,NORMAL,NORMAL
1938,2026-09-30T10:08:19.579270,25.04,1010.02,26.97,0.404,-0.707,10.174,-0.068,0.113,-0.124,NORMAL,NORMAL,NORMAL
1939,2026-09-30T10:08:20.581816,24.98,1010.2,25.44,0.461,-0.672,10.235,-0.074,0.107,-0.123,NORMAL,NORMAL,NORMAL
1940,2026-09-30T10:08:21.584711,24.91,1010.57,22.3,0.467,-0.67,10.282,-0.075,0.109,-0.114,NORMAL,NORMAL,NORMAL
1941,2026-09-30T10:08:22.587310,25.11,1011.02,18.59,0.548,-0.592,10.338,-0.094,0.107,-0.119,NORMAL,NORMAL,NORMAL
1942,2026-09-30T10:08:23.589735,25.38,1011.33,16.0,0.457,-0.554,10.408,-0.093,0.102,-0.107,NORMAL,NORMAL,NORMAL
1943,2026-09-30T10:08:24.592278,25.23,1011.31,16.19,0.541,-0.578,10.484,-0.091,0.097,-0.117,NORMAL,NORMAL,NORMAL
1944,2026-09-30T10:08:25.595569,25.2,1011.68,13.12,0.468,-0.497,10.409,-0.088,0.092,-0.13,NORMAL,NORMAL,NORMAL
1945,2026-09-30T10:08:26.599000,25.05,1011.94,10.9,0.486,-0.494,10.314,-0.093,0.106,-0.14,NORMAL,NORMAL,NORMAL
1946,2026-09-30T10:08:27.602138,24.99,1012.28,8.1,0.475,-0.553,10.278,-0.074,0.097,-0.153,NORMAL,NORMAL,NORMAL
1947,2026-09-30T10:08:28.605315,24.81,1012.62,5.22,0.537,-0.582,10.325,-0.093,0.114,-0.155,NORMAL,NORMAL,NORMAL
1948,2026-09-30T10:08:29.606979,24.76,1012.67,4.81,0.585,-0.626,10.257,-0.086,0.126,-0.171,NORMAL,NORMAL,NORMAL
1949,2026-09-30T10:08:30.608724,24.92,1012.96,2.45,0.636,-0.555,10.176,-0.068,0.119,-0.188,NORMAL,NORMAL,NORMAL
1950,2026-09-30T10:08:31.610881,24.91,1012.96,2.41,0.643,-0.46,10.16,-0.051,0.109,-0.169,NORMAL,NORMAL,NORMAL
1951,2026-09-30T10:08:32.614215,24.79,1013.37,-0.96,0.664,-0.465,10.258,-0.039,0.094,-0.187,NORMAL,NORMAL,NORMAL
1952,2026-09-30T10:08:33.615817,24.72,1013.56,-2.59,0.753,-0.418,10.168,-0.046,0.079,-0.203,NORMAL,NORMAL,NORMAL
1953,2026-09-30T10:08:34.617527,25.01,1013.31,-0.52,0.821,-0.34,10.236,-0.061,0.085,-0.213,NORMAL,NORMAL,NORMAL
1954,2026-09-30T10:08:35.619164,24.97,1013.7,-3.77,0.921,-0.392,10.182,-0.063,0.089,-0.211,NORMAL,NORMAL,NORMAL
1955,2026-09-30T10:08:36.620653,24.92,1013.23,0.2,0.896,-0.491,10.176,-0.05,0.078,-0.214,NORMAL,NORMAL,NORMAL
1956,2026-09-30T10:08:37.622607,25.04,1013.64,-3.28,0.817,-0.414,10.113,-0.035,0.075,-0.203,NORMAL,NORMAL,NORMAL
1957,2026-09-30T10:08:38.625806,25.16,1013.86,-5.07,0.853,-0.314,10.036,-0.04,0.07,-0.199,NORMAL,NORMAL,NORMAL
1958,2026-09-30T10:08:39.627098,25.31,1013.5,-2.12,0.92,-0.318,10.027,-0.05,0.056,-0.209,NORMAL,NORMAL,NORMAL
1959,2026-09-30T10:08:40.630149,25.6,1013.52,-2.22,1.003,-0.271,10.06,-0.049,0.072,-0.209,NORMAL,NORMAL,NORMAL
1960,2026-09-30T10:08:41.634476,25.52,1013.43,-1.48,1.085,-0.257,10.022,-0.038,0.074,-0.221,NORMAL,NORMAL,NORMAL
1961,2026-09-30T10:08:42.637712,25.76,1013.86,-5.1,1.07,-0.299,9.959,-0.019,0.068,-0.214,NORMAL,NORMAL,NORMAL
1962,2026-09-30T10:08:43.640707,25.67,1013.51,-2.15,1.067,-0.28,10.036,-0.005,0.052,-0.195,NORMAL,NORMAL,NORMAL
1963,2026-09-30T10:08:44.643896,25.61,1013.82,-4.71,1.065,-0.204,10.092,0.008,0.054,-0.198,NORMAL,NORMAL,NORMAL
1964,2026-09-30T10:08:45.647288,25.76,1014.29,-8.68,1.019,-0.264,10.158,-0.001,0.061,-0.19,NORMAL,NORMAL,NORMAL
1965,2026-09-30T10:08:46.651461,25.51,1014.48,-10.25,1.028,-0.236,10.107,0.011,0.078,-0.172,NORMAL,NORMAL,NORMAL
1966,2026-09-30T10:08:47.654849,25.48,1200.0,-8.2,1.117,-0.194,10.178,0.006,0.09,-0.171,NORMAL,CRITICAL,NORMAL
1967,2026-09-30T10:08:48.657983,25.46,1200.0,-5.28,1.093,-0.239,10.19,0.002,0.082,-0.161,NORMAL,CRITICAL,NORMAL
1968,2026-09-30T10:08:49.660779,25.2,1200.0,-4.98,1.001,-0.229,10.155,-0.015,0.096,-0.158,NORMAL,CRITICAL,NORMAL
1969,2026-09-30T10:08:50.664025,25.48,1200.0,-6.36,0.939,-0.265,10.236,-0.001,0.078,-0.143,NORMAL,CRITICAL,NORMAL
1970,2026-09-30T10:08:51.688078,25.73,1200.0,-7.1,1.009,-0.347,10.148,-0.016,0.059,-0.158,NORMAL,CRITICAL,NORMAL
1971,2026-09-30T10:08:52.695755,25.6,1014.36,-9.28,0.916,-0.29,10.097,-0.015,0.04,-0.143,NORMAL,NORMAL,NORMAL
1972,2026-09-30T10:08:53.699267,25.72,1014.64,-11.56,1.0,-0.207,10.063,-0.009,0.039,-0.129,NORMAL,NORMAL,NORMAL
1973,2026-09-30T10:08:54.702079,25.78,1014.74,-12.36,0.908,-0.235,9.974,-0.009,0.025,-0.148,NORMAL,NORMAL,NORMAL
1974,2026-09-30T10:08:55.704825,26.03,1014.62,-11.4,0.969,-0.172,10.07,-0.019,0.011,-0.137,NORMAL,NORMAL,NORMAL
1975,2026-09-30T10:08:56.707161,26.08,1014.66,-11.76,0.88,-0.235,9.977,-0.006,0.028,-0.153,NORMAL,NORMAL,NORMAL
1976,2026-09-30T10:08:57.709415,26.35,1015.13,-15.66,0.898,-0.286,10.002,-0.008,0.031,-0.152,NORMAL,NORMAL,NORMAL
1977,2026-09-30T10:08:58.711586,26.42,1014.67,-11.84,0.863,-0.229,10.058,0.008,0.018,-0.168,NORMAL,NORMAL,NORMAL
1978,2026-09-30T10:08:59.714862,26.71,1014.18,-7.72,0.836,-0.314,9.987,0.005,0.028,-0.153,NORMAL,NORMAL,NORMAL
1979,2026-09-30T10:09:00.717617,26.92,1014.2,-7.95,0.758,-0.346,9.996,-0.005,0.045,-0.15,NORMAL,NORMAL,NORMAL
1980,2026-09-30T10:09:01.722437,26.94,1014.58,-11.06,0.834,-0.419,9.972,0.015,0.055,-0.167,NORMAL,NORMAL,NORMAL
1981,2026-09-30T10:09:02.724794,26.84,1014.36,-9.22,0.756,-0.331,10.062,0.005,0.057,-0.179,NORMAL,NORMAL,NORMAL
1982,2026-09-30T10:09:03.727092,26.6,1014.75,-12.49,0.762,-0.334,10.059,-0.011,0.044,-0.18,NORMAL,NORMAL,NORMAL
1983,2026-09-30T10:09:04.729362,26.76,1014.28,-8.56,0.827,-0.366,10.104,-0.011,0.064,-0.163,NORMAL,NORMAL,NORMAL
1984,2026-09-30T10:09:05.732421,26.77,1014.19,-7.85,0.895,-0.448,10.018,-0.023,0.08,-0.156,NORMAL,NORMAL,NORMAL
1985,2026-09-30T10:09:06.734880,26.94,1014.46,-10.11,0.822,-0.498,9.928,-0.009,0.094,-0.142,NORMAL,NORMAL,NORMAL
1986,2026-09-30T10:09:07.738455,27.1,1013.99,-6.13,0.861,-0.41,10.023,-0.014,0.101,-0.161,NORMAL,NORMAL,NORMAL
1987,2026-09-30T10:09:08.741284,27.26,1013.91,-5.46,0.922,-0.373,10.108,0.002,0.088,-0.141,NORMAL,NORMAL,NORMAL
1988,2026-09-30T10:09:09.744941,27.05,1013.81,-4.62,0.879,-0.344,10.054,0.009,0.1,-0.151,NORMAL,NORMAL,NORMAL
1989,2026-09-30T10:09:10.747495,27.24,1014.27,-8.47,0.961,-0.435,9.977,0.004,0.085,-0.134,NORMAL,NORMAL,NORMAL
1990,2026-09-30T10:09:11.750473,27.21,1013.94,-5.74,0.913,-0.358,9.953,-0.013,0.076,-0.149,NORMAL,NORMAL,NORMAL
1991,2026-09-30T10:09:12.753934,26.95,1014.19,-7.81,0.889,-0.409,9.86,-0.009,0.077,-0.163,NORMAL,NORMAL,NORMAL
1992,2026-09-30T10:09:13.758029,27.18,1013.79,-4.54,0.926,-0.44,9.949,-0.014,0.089,-0.145,NORMAL,NORMAL,NORMAL
1993,2026-09-30T10:09:14.760715,27.14,1013.86,-5.04,0.912,-0.43,9.855,-0.018,0.083,-0.16,NORMAL,NORMAL,NORMAL
1994,2026-09-30T10:09:15.763808,27.3,1014.03,-6.53,0.935,-0.417,9.82,-0.021,0.09,-0.149,NORMAL,NORMAL,NORMAL
1995,2026-09-30T10:09:16.766633,27.39,1013.63,-3.19,0.861,-0.475,9.748,-0.037,0.109,-0.155,NORMAL,NORMAL,NORMAL
1996,2026-09-30T10:09:17.769387,27.27,1013.68,-3.54,0.806,-0.411,9.799,-0.029,0.105,-0.151,NORMAL,NORMAL,NORMAL
1997,2026-09-30T10:09:18.772426,27.14,1013.25,-0.02,0.759,-0.436,9.739,-0.031,0.116,-0.17,NORMAL,NORMAL,NORMAL
1998,2026-09-30T10:09:19.823662,26.88,1013.19,0.54,0.67,-0.378,9.806,-0.048,0.109,-0.176,NORMAL,NORMAL,NORMAL
1999,2026-09-30T10:09:20.866437,26.99,1012.83,3.53,0.736,-0.309,9.761,-0.06,0.09,-0.186,NORMAL,NORMAL,NORMAL
2000,2026-09-30T10:09:21.869280,26.97,1012.85,3.3,0.676,-0.294,9.668,-0.048,0.095,-0.172,NORMAL,NORMAL,NORMAL
2001,2026-09-30T10:09:22.872273,27.26,1012.69,4.68,0.741,-0.21,9.654,-0.06,0.096,-0.177,NORMAL,NORMAL,NORMAL
2002,2026-09-30T10:09:23.875178,27.0,1012.45,6.68,0.67,-0.249,9.608,-0.051,0.083,-0.187,NORMAL,NORMAL,NORMAL
2003,2026-09-30T10:09:24.877730,26.74,1012.78,3.89,0.64,-0.171,9.62,-0.069,0.085,-0.188,NORMAL,NORMAL,NORMAL
2004,2026-09-30T10:09:25.880414,26.52,1012.76,4.04,0.683,-0.084,9.568,-0.06,0.075,-0.171,NORMAL,NORMAL,NORMAL
2005,2026-09-30T10:09:26.882626,26.25,1013.14,0.89,0.781,-0.118,9.616,-0.07,0.065,-0.174,NORMAL,NORMAL,NORMAL
2006,2026-09-30T10:09:27.884663,26.54,1013.61,-2.98,0.861,-0.168,9.523,-0.059,0.064,-0.188,NORMAL,NORMAL,NORMAL
2007,2026-09-30T10:09:28.888549,26.8,1200.0,-2.09,0.914,-0.184,9.605,-0.077,0.049,-0.207,NORMAL,CRITICAL,NORMAL
2008,2026-09-30T10:09:29.892139,26.77,1200.0,-1.39,0.824,-0.184,9.574,-0.09,0.034,-0.211,NORMAL,CRITICAL,NORMAL
2009,2026-09-30T10:09:30.894851,26.87,1200.0,-2.77,0.759,-0.194,9.506,-0.083,0.029,-0.223,NORMAL,CRITICAL,NORMAL
2010,2026-09-30T10:09:31.897076,26.99,1200.0,1.11,0.67,-0.136,9.423,-0.078,0.009,-0.229,NORMAL,CRITICAL,NORMAL
2011,2026-09-30T10:09:32.898727,26.79,1200.0,0.26,0.637,-0.065,9.413,-0.084,0.002,-0.243,NORMAL,CRITICAL,NORMAL
2012,2026-09-30T10:09:33.902547,26.84,1012.78,3.95,0.623,-0.042,9.378,-0.071,-0.01,-0.259,NORMAL,NORMAL,NORMAL
2013,2026-09-30T10:09:34.905968,26.77,1013.19,0.52,0.681,-0.062,9.344,-0.08,-0.015,-0.268,NORMAL,NORMAL,NORMAL
2014,2026-09-30T10:09:35.907761,26.66,1012.83,3.51,0.759,-0.057,9.438,-0.099,-0.026,-0.27,NORMAL,NORMAL,NORMAL
2015,2026-09-30T10:09:36.910595,26.82,1013.07,1.51,0.67,-0.135,9.357,-0.102,-0.039,-0.261,NORMAL,NORMAL,NORMAL
2016,2026-09-30T10:09:37.913204,26.72,1013.1,1.25,0.627,-0.048,9.386,-0.108,-0.045,-0.252,NORMAL,NORMAL,NORMAL
2017,2026-09-30T10:09:38.915499,26.86,1013.26,-0.09,0.63,-0.01,9.373,-0.106,-0.063,-0.233,NORMAL,NORMAL,NORMAL
2018,2026-09-30T10:09:39.924164,26.66,1013.35,-0.79,0.572,0.003,9.289,-0.101,-0.049,-0.247,NORMAL,NORMAL,NORMAL
2019,2026-09-30T10:09:40.926412,26.87,1013.41,-1.36,0.594,0.009,9.241,-0.113,-0.032,-0.238,NORMAL,NORMAL,NORMAL
2020,2026-09-30T10:09:41.928886,27.05,1013.48,-1.89,0.623,-0.089,9.149,-0.113,-0.03,-0.247,NORMAL,NORMAL,NORMAL
2021,2026-09-30T10:09:42.930972,27.28,1013.42,-1.4,0.559,-0.167,9.157,-0.127,-0.038,-0.258,NORMAL,NORMAL,NORMAL
2022,2026-09-30T10:09:43.933209,27.41,1013.21,0.36,0.643,-0.179,9.094,-0.11,-0.035,-0.241,NORMAL,NORMAL,NORMAL
2023,2026-09-30T10:09:44.934813,27.47,1013.47,-1.85,0.576,-0.248,9.004,-0.107,-0.05,-0.258,NORMAL,NORMAL,NORMAL
2024,2026-09-30T10:09:45.936604,27.58,1013.28,-0.23,0.647,-0.22,8.972,-0.121,-0.061,-0.251,NORMAL,NORMAL,NORMAL
2025,2026-09-30T10:09:46.939160,27.8,1013.63,-3.15,0.636,-0.269,8.934,-0.109,-0.044,-0.239,NORMAL,NORMAL,NORMAL
2026,2026-09-30T10:09:47.941345,27.84,1013.51,-2.17,0.642,-0.275,8.868,-0.096,-0.058,-0.241,NORMAL,NORMAL,NORMAL
2027,2026-09-30T10:09:48.943561,28.03,1013.32,-0.61,0.551,-0.236,8.844,-0.088,-0.07,-0.258,NORMAL,NORMAL,NORMAL
2028,2026-09-30T10:09:49.945222,27.93,1013.18,0.61,0.65,-0.183,8.845,-0.07,-0.058,-0.271,NORMAL,NORMAL,NORMAL
2029,2026-09-30T10:09:50.950498,27.9,1013.13,0.98,0.561,-0.242,8.83,-0.051,-0.056,-0.265,NORMAL,NORMAL,NORMAL
2030,2026-09-30T10:09:51.952528,27.84,1012.92,2.78,0.493,-0.279,8.898,-0.061,-0.064,-0.28,NORMAL,NORMAL,NORMAL
2031,2026-09-30T10:09:52.954649,27.63,1013.0,2.04,0.407,-0.233,8.871,-0.07,-0.074,-0.273,NORMAL,NORMAL,NORMAL
2032,2026-09-30T10:09:53.957585,27.66,1012.94,2.58,0.391,-0.23,8.848,-0.085,-0.071,-0.257,NORMAL,NORMAL,NORMAL
2033,2026-09-30T10:09:54.960173,27.92,1013.15,0.84,0.444,-0.161,8.796,-0.101,-0.072,-0.252,NORMAL,NORMAL,NORMAL
2034,2026-09-30T10:09:55.962950,27.76,1013.63,-3.18,0.499,-0.109,8.735,-0.108,-0.075,-0.27,NORMAL,NORMAL,NORMAL
2035,2026-09-30T10:09:56.965534,28.04,1014.08,-6.89,0.427,-0.097,8.808,-0.093,-0.055,-0.276,NORMAL,NORMAL,NORMAL
2036,2026-09-30T10:09:57.970237,27.95,1013.9,-5.43,0.481,-0.182,8.81,-0.073,-0.074,-0.27,NORMAL,NORMAL,NORMAL
2037,2026-09-30T10:09:58.973032,27.7,1013.69,-3.65,0.493,-0.176,8.767,-0.093,-0.08,-0.263,NORMAL,NORMAL,NORMAL
2038,2026-09-30T10:09:59.975410,27.43,1013.94,-5.71,0.562,-0.202,8.746,-0.111,-0.092,-0.262,NORMAL,NORMAL,NORMAL
2039,2026-09-30T10:10:00.977736,27.37,1013.58,-2.74,0.613,-0.283,8.785,-0.127,-0.078,-0.255,NORMAL,NORMAL,NORMAL
2040,2026-09-30T10:10:01.979969,27.22,1013.88,-5.22,0.56,-0.352,8.812,-0.128,-0.066,-0.275,NORMAL,NORMAL,NORMAL
2041,2026-09-30T10:10:02.982585,26.99,1013.84,-4.95,0.611,-0.34,8.785,-0.13,-0.078,-0.271,NORMAL,NORMAL,NORMAL
2042,2026-09-30T10:10:03.991475,27.1,1013.94,-5.72,0.684,-0.256,8.754,-0.122,-0.098,-0.252,NORMAL,NORMAL,NORMAL
2043,2026-09-30T10:10:04.993215,27.2,1014.32,-8.88,0.594,-0.258,8.817,-0.111,-0.1,-0.241,NORMAL,NORMAL,NORMAL
2044,2026-09-30T10:10:05.995511,27.29,1014.79,-12.82,0.655,-0.251,8.871,-0.105,-0.106,-0.231,NORMAL,NORMAL,NORMAL
2045,2026-09-30T10:10:06.997568,27.05,1014.67,-11.79,0.579,-0.307,8.902,-0.121,-0.099,-0.232,NORMAL,NORMAL,NORMAL
2046,2026-09-30T10:10:08.000296,26.83,1014.53,-10.63,0.586,-0.301,8.947,-0.139,-0.113,-0.25,NORMAL,NORMAL,NORMAL
2047,2026-09-30T10:10:09.007660,26.93,1014.87,-13.47,0.558,-0.273,9.025,-0.156,-0.129,-0.236,NORMAL,NORMAL,NORMAL
2048,2026-09-30T10:10:10.009976,27.14,1014.74,-12.4,0.558,-0.35,8.983,-0.168,-0.124,-0.247,NORMAL,NORMAL,NORMAL
2049,2026-09-30T10:10:11.013028,27.33,1014.58,-11.04,0.529,-0.32,8.993,-0.174,-0.142,-0.264,NORMAL,NORMAL,NORMAL
2050,2026-09-30T10:10:12.017345,27.63,1014.36,-9.2,,,,,,,NORMAL,NORMAL,SENSOR_FAILURE
2051,2026-09-30T10:10:13.022233,27.73,1013.99,-6.12,,,,,,,NORMAL,NORMAL,SENSOR_FAILURE
2052,2026-09-30T10:10:14.034468,28.01,1013.52,-2.28,,,,,,,NORMAL,NORMAL,SENSOR_FAILURE
2053,2026-09-30T10:10:15.037557,28.11,1013.44,-1.61,,,,,,,NORMAL,NORMAL,SENSOR_FAILURE
2054,2026-09-30T10:10:16.040794,27.98,1013.17,0.69,,,,,,,NORMAL,NORMAL,SENSOR_FAILURE
2055,2026-09-30T10:10:17.043620,28.01,1012.98,2.26,0.25,-0.382,9.082,-0.157,-0.156,-0.248,NORMAL,NORMAL,NORMAL
2056,2026-09-30T10:10:18.046514,27.79,1012.48,6.39,0.187,-0.288,9.171,-0.162,-0.151,-0.246,NORMAL,NORMAL,NORMAL
2057,2026-09-30T10:10:19.050341,27.79,1012.67,4.83,0.118,-0.262,9.178,-0.159,-0.168,-0.255,NORMAL,NORMAL,NORMAL
2058,2026-09-30T10:10:20.053423,27.9,1012.56,5.76,0.144,-0.286,9.122,-0.173,-0.168,-0.254,NORMAL,NORMAL,NORMAL
2059,2026-09-30T10:10:21.055196,28.12,1012.65,4.99,0.054,-0.282,9.139,-0.187,-0.178,-0.236,NORMAL,NORMAL,NORMAL
2060,2026-09-30T10:10:22.058516,27.85,1012.5,6.26,0.1,-0.381,9.107,-0.187,-0.191,-0.219,NORMAL,NORMAL,NORMAL
2061,2026-09-30T10:10:23.063960,27.62,1012.39,7.2,0.143,-0.461,9.031,-0.179,-0.193,-0.205,NORMAL,NORMAL,NORMAL
2062,2026-09-30T10:10:24.067741,27.74,1012.36,7.45,0.09,-0.388,9.036,-0.198,-0.178,-0.211,NORMAL,NORMAL,NORMAL
2063,2026-09-30T10:10:25.071101,27.99,1012.58,5.58,0.069,-0.385,9.09,-0.216,-0.171,-0.204,NORMAL,NORMAL,NORMAL
2064,2026-09-30T10:10:26.074867,28.14,1012.13,9.33,0.094,-0.301,9.099,-0.229,-0.18,-0.197,NORMAL,NORMAL,NORMAL
2065,2026-09-30T10:10:27.078483,28.1,1011.71,12.79,0.15,-0.207,9.007,-0.21,-0.184,-0.182,NORMAL,NORMAL,NORMAL
2066,2026-09-30T10:10:28.082084,28.35,1011.42,15.23,0.244,-0.186,8.97,-0.221,-0.172,-0.17,NORMAL,NORMAL,NORMAL
2067,2026-09-30T10:10:29.085333,28.19,1011.53,14.32,0.202,-0.253,9.038,-0.223,-0.168,-0.184,NORMAL,NORMAL,NORMAL
2068,2026-09-30T10:10:30.086688,28.1,1011.28,16.45,0.298,-0.262,9.025,-0.212,-0.172,-0.18,NORMAL,NORMAL,NORMAL
2069,2026-09-30T10:10:31.088278,28.08,1011.46,14.91,0.39,-0.286,9.032,-0.207,-0.163,-0.179,NORMAL,NORMAL,NORMAL
2070,2026-09-30T10:10:32.092903,27.98,1011.12,17.77,0.449,-0.341,9.069,-0.198,-0.173,-0.193,NORMAL,NORMAL,NORMAL
2071,2026-09-30T10:10:33.094524,27.72,1011.41,15.29,0.475,-0.278,9.008,-0.183,-0.187,-0.194,NORMAL,NORMAL,NORMAL
2072,2026-09-30T10:10:34.096093,27.61,1011.08,18.04,0.474,-0.291,9.106,-0.166,-0.172,-0.185,NORMAL,NORMAL,NORMAL
2073,2026-09-30T10:10:35.099195,27.4,1011.16,17.43,0.486,-0.355,9.076,-0.164,-0.174,-0.186,NORMAL,NORMAL,NORMAL
2074,2026-09-30T10:10:36.100966,27.22,1011.03,18.49,0.387,-0.307,9.05,-0.153,-0.179,-0.167,NORMAL,NORMAL,NORMAL
2075,2026-09-30T10:10:37.103843,26.96,1010.68,21.45,0.46,-0.261,9.06,-0.169,-0.167,-0.178,NORMAL,NORMAL,NORMAL
2076,2026-09-30T10:10:38.106073,27.13,1010.44,23.39,0.469,-0.279,9.044,-0.174,-0.148,-0.193,NORMAL,NORMAL,NORMAL
2077,2026-09-30T10:11:06.123702,24.92,1013.7,-3.77,-0.025,-0.046,9.754,0.002,-0.013,0.018,NORMAL,NORMAL,NORMAL
2078,2026-09-30T10:11:07.127668,24.71,1013.6,-2.92,0.067,-0.05,9.734,0.02,-0.013,0.014,NORMAL,NORMAL,NORMAL
2079,2026-09-30T10:11:08.185311,24.86,1013.74,-4.1,-0.019,-0.053,9.657,0.005,0.005,0.003,NORMAL,NORMAL,NORMAL
2080,2026-09-30T10:11:09.189541,24.98,1013.69,-3.64,-0.054,-0.018,9.568,0.012,0.015,-0.004,NORMAL,NORMAL,NORMAL
2081,2026-09-30T10:11:10.192114,25.01,1013.56,-2.61,-0.003,-0.088,9.593,-0.007,0.022,-0.004,NORMAL,NORMAL,NORMAL
2082,2026-09-30T10:11:11.195257,24.86,1013.27,-0.15,0.089,0.005,9.654,-0.02,0.005,-0.005,NORMAL,NORMAL,NORMAL
2083,2026-09-30T10:11:12.198466,24.95,1013.62,-3.08,0.001,-0.018,9.712,-0.011,0.016,0.002,NORMAL,NORMAL,NORMAL
2084,2026-09-30T10:11:13.201384,24.85,1013.37,-0.96,0.004,-0.09,9.769,-0.025,-0.001,0.006,NORMAL,NORMAL,NORMAL
2085,2026-09-30T10:11:14.205080,24.77,1013.7,-3.75,0.065,-0.07,9.716,-0.041,-0.014,-0.001,NORMAL,NORMAL,NORMAL
2086,2026-09-30T10:11:15.208367,24.57,1013.92,-5.58,0.1,-0.053,9.778,-0.054,-0.03,-0.004,NORMAL,NORMAL,NORMAL
2087,2026-09-30T10:11:16.211455,24.7,1014.38,-9.41,0.022,0.027,9.863,-0.067,-0.012,0.008,NORMAL,NORMAL,NORMAL
2088,2026-09-30T10:11:17.214990,24.57,1014.12,-7.22,-0.002,0.053,9.857,-0.064,-0.017,-0.004,NORMAL,NORMAL,NORMAL
2089,2026-09-30T10:11:18.218222,24.86,1014.13,-7.31,0.013,0.048,9.933,-0.045,-0.036,-0.001,NORMAL,NORMAL,NORMAL
2090,2026-09-30T10:11:19.222384,24.94,1014.19,-7.85,-0.038,-0.018,10.032,-0.064,-0.026,-0.004,NORMAL,NORMAL,NORMAL
2091,2026-09-30T10:11:20.225519,24.9,1013.81,-4.66,-0.098,-0.069,10.107,-0.076,-0.015,0.009,NORMAL,NORMAL,NORMAL
2092,2026-09-30T10:11:21.229105,24.63,1013.64,-3.28,-0.021,-0.037,10.047,-0.067,-0.014,0.018,NORMAL,NORMAL,NORMAL
2093,2026-09-30T10:11:22.231917,24.38,1013.82,-4.74,-0.061,-0.099,10.071,-0.067,-0.031,0.021,NORMAL,NORMAL,NORMAL
2094,2026-09-30T10:11:23.235085,24.68,1013.36,-0.94,0.024,-0.153,10.164,-0.068,-0.042,0.036,NORMAL,NORMAL,NORMAL
2095,2026-09-30T10:11:24.237948,24.48,1013.63,-3.14,-0.03,-0.19,10.16,-0.084,-0.023,0.025,NORMAL,NORMAL,NORMAL
2096,2026-09-30T10:11:25.241071,24.28,1013.6,-2.92,-0.057,-0.259,10.171,-0.1,-0.006,0.028,NORMAL,NORMAL,NORMAL
2097,2026-09-30T10:11:26.244452,24.56,1013.25,-0.02,-0.086,-0.329,10.193,-0.082,-0.004,0.014,NORMAL,NORMAL,NORMAL
2098,2026-09-30T10:11:27.248495,24.4,1013.68,-3.59,-0.148,-0.339,10.286,-0.087,0.008,0.013,NORMAL,NORMAL,NORMAL
2099,2026-09-30T10:11:28.252381,24.55,1013.9,-5.45,-0.057,-0.321,10.254,-0.073,-0.004,0.023,NORMAL,NORMAL,NORMAL
2100,2026-09-30T10:11:29.256611,24.73,1014.06,-6.76,-0.072,-0.39,10.3,-0.079,-0.012,0.014,NORMAL,NORMAL,NORMAL
2101,2026-09-30T10:11:30.260265,25.01,1013.62,-3.11,-0.137,-0.3,10.225,-0.079,0.0,0.032,NORMAL,NORMAL,NORMAL
2102,2026-09-30T10:11:31.263930,25.18,1013.34,-0.71,-0.166,-0.315,10.21,-0.061,-0.006,0.034,NORMAL,NORMAL,NORMAL
2103,2026-09-30T10:11:32.267198,25.35,1013.18,0.58,-0.15,-0.34,10.116,-0.067,0.008,0.032,NORMAL,NORMAL,NORMAL
2104,2026-09-30T10:11:33.272209,25.31,1012.7,4.57,20.0,20.0,20.0,-0.074,-0.006,0.026,NORMAL,NORMAL,CRITICAL
2105,2026-09-30T10:11:34.274956,25.22,1012.67,4.84,20.0,20.0,20.0,-0.065,-0.016,0.024,NORMAL,NORMAL,CRITICAL
2106,2026-09-30T10:11:35.278792,25.13,1012.55,5.8,20.0,20.0,20.0,-0.073,-0.022,0.012,NORMAL,NORMAL,CRITICAL
2107,2026-09-30T10:11:36.282361,25.08,1012.14,9.23,20.0,20.0,20.0,-0.066,-0.042,-0.002,NORMAL,NORMAL,CRITICAL
2108,2026-09-30T10:11:37.285910,24.84,1012.42,6.89,20.0,20.0,20.0,-0.082,-0.024,0.015,NORMAL,NORMAL,CRITICAL
2109,2026-09-30T10:11:38.289743,24.58,1012.84,3.43,-0.18,-0.32,10.368,-0.102,-0.032,-0.004,NORMAL,NORMAL,NORMAL
2110,2026-09-30T10:11:39.291885,24.56,1012.83,3.53,-0.143,-0.342,10.387,-0.113,-0.019,-0.018,NORMAL,NORMAL,NORMAL
2111,2026-09-30T10:11:40.296025,24.84,1013.08,1.39,-0.18,-0.369,10.454,-0.119,-0.02,-0.007,NORMAL,NORMAL,NORMAL
2112,2026-09-30T10:11:41.299420,24.81,1012.78,3.9,-0.148,-0.323,10.412,-0.118,-0.003,-0.02,NORMAL,NORMAL,NORMAL
2113,2026-09-30T10:11:42.302896,24.71,1012.76,4.08,-0.066,-0.323,10.414,-0.116,0.001,-0.034,NORMAL,NORMAL,NORMAL
2114,2026-09-30T10:11:43.306223,24.87,1012.83,3.49,0.016,-0.311,10.326,-0.125,0.01,-0.051,NORMAL,NORMAL,NORMAL
2115,2026-09-30T10:11:44.309159,24.79,1012.36,7.44,-0.027,-0.212,10.414,-0.142,0.006,-0.065,NORMAL,NORMAL,NORMAL
2116,2026-09-30T10:11:45.311837,24.68,1012.8,3.76,-0.017,-0.23,10.42,-0.139,-0.003,-0.055,NORMAL,NORMAL,NORMAL
2117,2026-09-30T10:11:46.315050,24.54,1012.42,6.9,-0.01,-0.188,10.392,-0.134,0.01,-0.055,NORMAL,NORMAL,NORMAL
2118,2026-09-30T10:29:41.539446,25.05,1012.78,3.93,-0.073,0.081,9.867,-0.009,0.009,0.0,NORMAL,NORMAL,NORMAL
2119,2026-09-30T10:29:42.540747,25.13,1012.36,7.41,-0.122,0.049,9.863,-0.013,0.002,0.003,NORMAL,NORMAL,NORMAL
2120,2026-09-30T10:29:43.543695,25.11,1012.8,3.76,-0.204,0.063,9.781,-0.007,-0.006,-0.004,NORMAL,NORMAL,NORMAL
2121,2026-09-30T10:29:44.544992,25.25,1012.37,7.36,-0.144,0.079,9.749,-0.024,-0.001,0.007,NORMAL,NORMAL,NORMAL
2122,2026-09-30T10:29:45.546934,25.37,1012.4,7.09,-0.242,0.053,9.707,-0.032,-0.004,-0.009,NORMAL,NORMAL,NORMAL
2123,2026-09-30T10:29:46.548523,25.27,1011.92,11.11,-0.273,0.103,9.734,-0.037,-0.008,-0.025,NORMAL,NORMAL,NORMAL
2124,2026-09-30T10:29:47.550345,25.19,1011.67,13.2,-0.309,0.015,9.65,-0.054,0.001,-0.025,NORMAL,NORMAL,NORMAL
2125,2026-09-30T10:29:48.553997,25.44,1011.92,11.05,-0.355,-0.059,9.707,-0.052,0.0,-0.026,NORMAL,NORMAL,NORMAL
2126,2026-09-30T10:29:49.556935,25.6,1011.92,11.07,-0.316,0.033,9.758,-0.065,0.015,-0.03,NORMAL,NORMAL,NORMAL
2127,2026-09-30T10:29:50.559291,25.42,1011.88,11.4,-0.233,-0.046,9.847,-0.057,0.012,-0.045,NORMAL,NORMAL,NORMAL
2128,2026-09-30T10:29:51.562501,25.12,1011.76,12.42,-0.295,0.047,9.748,-0.066,-0.002,-0.027,NORMAL,NORMAL,NORMAL
2129,2026-09-30T10:29:52.564342,24.84,1011.94,10.94,-0.302,-0.033,9.744,-0.051,0.009,-0.014,NORMAL,NORMAL,NORMAL
2130,2026-09-30T10:29:53.565807,25.1,1011.72,12.73,-0.358,0.061,9.824,-0.056,0.028,-0.023,NORMAL,NORMAL,NORMAL
2131,2026-09-30T10:29:54.568141,24.95,1012.06,9.95,-0.305,0.004,9.874,-0.04,0.038,-0.037,NORMAL,NORMAL,NORMAL
2132,2026-09-30T10:29:55.571928,24.68,1012.02,10.23,-0.401,-0.031,9.907,-0.031,0.024,-0.04,NORMAL,NORMAL,NORMAL
2133,2026-09-30T10:29:56.575296,24.73,1012.03,10.19,-0.377,0.049,9.93,-0.019,0.012,-0.025,NORMAL,NORMAL,NORMAL
2134,2026-09-30T10:29:57.578246,25.0,1011.86,11.6,-0.345,0.125,9.892,-0.011,0.004,-0.034,NORMAL,NORMAL,NORMAL
2135,2026-09-30T10:29:58.581775,25.07,1011.43,15.14,-0.42,0.213,9.879,0.006,0.008,-0.039,NORMAL,NORMAL,NORMAL
2136,2026-09-30T10:29:59.584696,25.03,1011.88,11.4,-0.333,0.209,9.869,0.005,0.006,-0.046,NORMAL,NORMAL,NORMAL
2137,2026-09-30T10:30:00.586627,24.83,1012.1,9.61,-0.301,0.238,9.869,-0.013,0.021,-0.039,NORMAL,NORMAL,NORMAL
2138,2026-09-30T10:30:01.588543,25.01,1012.39,7.14,-0.341,0.277,9.896,-0.022,0.008,-0.049,NORMAL,NORMAL,NORMAL
2139,2026-09-30T10:30:02.592192,24.78,1012.5,6.22,-0.404,0.264,9.825,-0.021,0.021,-0.044,NORMAL,NORMAL,NORMAL
